{"v":"5.7.1","fr":60,"ip":0,"op":215,"w":500,"h":500,"nm":"004 - Outrage","ddd":0,"assets":[],"layers":[{"ddd":0,"ind":1,"ty":3,"nm":"Null 21","sr":1,"ks":{"o":{"a":0,"k":0,"ix":11},"r":{"a":0,"k":0,"ix":10},"p":{"s":true,"x":{"a":0,"k":251,"ix":3,"x":"var $bm_rt;\n$bm_rt = wiggle(15, effect('Slider Control 1')(1));"},"y":{"a":0,"k":377.25,"ix":4}},"a":{"a":0,"k":[50,50,0],"ix":1},"s":{"a":0,"k":[100,100,100],"ix":6}},"ao":0,"ef":[{"ty":5,"nm":"Slider Control 1","np":3,"mn":"ADBE Slider Control","ix":1,"en":1,"ef":[{"ty":0,"nm":"Slider","mn":"ADBE Slider Control-0001","ix":1,"v":{"a":1,"k":[{"i":{"x":[0.667],"y":[1]},"o":{"x":[0.333],"y":[0]},"t":70,"s":[0]},{"i":{"x":[0.667],"y":[1]},"o":{"x":[0.333],"y":[0]},"t":164,"s":[12]},{"t":169,"s":[0]}],"ix":1}}]}],"ip":0,"op":164,"st":0,"bm":0},{"ddd":0,"ind":2,"ty":4,"nm":"Shape Layer 2","parent":1,"sr":1,"ks":{"o":{"a":0,"k":100,"ix":11},"r":{"a":1,"k":[{"i":{"x":[0.667],"y":[1]},"o":{"x":[0.524],"y":[0]},"t":0,"s":[0]},{"i":{"x":[0.143],"y":[1]},"o":{"x":[0.333],"y":[0]},"t":50,"s":[-12]},{"i":{"x":[0.667],"y":[1]},"o":{"x":[0.333],"y":[0]},"t":100,"s":[7]},{"i":{"x":[0.667],"y":[1]},"o":{"x":[0.525],"y":[0]},"t":164,"s":[7]},{"t":214,"s":[0]}],"ix":10},"p":{"a":1,"k":[{"i":{"x":0.667,"y":1},"o":{"x":0.524,"y":0},"t":0,"s":[-17.375,-152.406,0],"to":[0,-3.667,0],"ti":[-1.333,-2.833,0]},{"i":{"x":0.143,"y":1},"o":{"x":0.333,"y":0},"t":50,"s":[-17.375,-174.406,0],"to":[1.333,2.833,0],"ti":[-1.333,-6.5,0]},{"i":{"x":0.667,"y":0.667},"o":{"x":0.333,"y":0.333},"t":100,"s":[-9.375,-135.405,0],"to":[0,0,0],"ti":[0,0,0]},{"i":{"x":0.667,"y":1},"o":{"x":0.333,"y":0},"t":164,"s":[-9.375,-135.405,0],"to":[-1.333,-2.833,0],"ti":[1.333,2.833,0]},{"t":214,"s":[-17.375,-152.406,0]}],"ix":2},"a":{"a":0,"k":[66.375,-75.156,0],"ix":1},"s":{"a":0,"k":[-100,100,100],"ix":6}},"ao":0,"shapes":[{"ty":"gr","it":[{"ind":0,"ty":"sh","ix":1,"ks":{"a":0,"k":{"i":[[0,0],[-51.5,-5.5]],"o":[[0,0],[63.249,6.755]],"v":[[26.5,-59.25],[106.25,-90.5]],"c":false},"ix":2},"nm":"Path 1","mn":"ADBE Vector Shape - Group","hd":false},{"ty":"st","c":{"a":0,"k":[0.133333333333,0.105882360421,0.086274509804,1],"ix":3},"o":{"a":0,"k":100,"ix":4},"w":{"a":0,"k":16.5,"ix":5},"lc":2,"lj":1,"ml":4,"bm":0,"nm":"Stroke 1","mn":"ADBE Vector Graphic - Stroke","hd":false},{"ty":"tr","p":{"a":0,"k":[0,0],"ix":2},"a":{"a":0,"k":[0,0],"ix":1},"s":{"a":0,"k":[100,100],"ix":3},"r":{"a":0,"k":0,"ix":6},"o":{"a":0,"k":100,"ix":7},"sk":{"a":0,"k":0,"ix":4},"sa":{"a":0,"k":0,"ix":5},"nm":"Transform"}],"nm":"Shape 1","np":3,"cix":2,"bm":0,"ix":1,"mn":"ADBE Vector Group","hd":false}],"ip":0,"op":317,"st":0,"bm":0},{"ddd":0,"ind":3,"ty":4,"nm":"Shape Layer 1","parent":1,"sr":1,"ks":{"o":{"a":0,"k":100,"ix":11},"r":{"a":1,"k":[{"i":{"x":[0.667],"y":[1]},"o":{"x":[0.524],"y":[0]},"t":0,"s":[0]},{"i":{"x":[0.143],"y":[1]},"o":{"x":[0.333],"y":[0]},"t":50,"s":[12]},{"i":{"x":[0.667],"y":[1]},"o":{"x":[0.333],"y":[0]},"t":100,"s":[-7]},{"i":{"x":[0.667],"y":[1]},"o":{"x":[0.333],"y":[0]},"t":164,"s":[-7]},{"t":214,"s":[0]}],"ix":10},"p":{"a":1,"k":[{"i":{"x":0.667,"y":1},"o":{"x":0.524,"y":0},"t":0,"s":[115.375,-152.406,0],"to":[0,-3.667,0],"ti":[1.333,-2.833,0]},{"i":{"x":0.143,"y":1},"o":{"x":0.333,"y":0},"t":50,"s":[115.375,-174.406,0],"to":[-1.333,2.833,0],"ti":[1.333,-6.5,0]},{"i":{"x":0.667,"y":0.667},"o":{"x":0.333,"y":0.333},"t":100,"s":[107.375,-135.405,0],"to":[0,0,0],"ti":[0,0,0]},{"i":{"x":0.667,"y":1},"o":{"x":0.333,"y":0},"t":164,"s":[107.375,-135.405,0],"to":[1.333,-2.833,0],"ti":[-1.333,2.833,0]},{"t":214,"s":[115.375,-152.406,0]}],"ix":2},"a":{"a":0,"k":[66.375,-75.156,0],"ix":1},"s":{"a":0,"k":[100,100,100],"ix":6}},"ao":0,"shapes":[{"ty":"gr","it":[{"ind":0,"ty":"sh","ix":1,"ks":{"a":0,"k":{"i":[[0,0],[-51.5,-5.5]],"o":[[0,0],[63.249,6.755]],"v":[[26.5,-59.25],[106.25,-90.5]],"c":false},"ix":2},"nm":"Path 1","mn":"ADBE Vector Shape - Group","hd":false},{"ty":"st","c":{"a":0,"k":[0.133333333333,0.105882360421,0.086274509804,1],"ix":3},"o":{"a":0,"k":100,"ix":4},"w":{"a":0,"k":16.5,"ix":5},"lc":2,"lj":1,"ml":4,"bm":0,"nm":"Stroke 1","mn":"ADBE Vector Graphic - Stroke","hd":false},{"ty":"tr","p":{"a":0,"k":[0,0],"ix":2},"a":{"a":0,"k":[0,0],"ix":1},"s":{"a":0,"k":[100,100],"ix":3},"r":{"a":0,"k":0,"ix":6},"o":{"a":0,"k":100,"ix":7},"sk":{"a":0,"k":0,"ix":4},"sa":{"a":0,"k":0,"ix":5},"nm":"Transform"}],"nm":"Shape 1","np":3,"cix":2,"bm":0,"ix":1,"mn":"ADBE Vector Group","hd":false}],"ip":0,"op":317,"st":0,"bm":0},{"ddd":0,"ind":5,"ty":4,"nm":"Main mouth - 07","parent":1,"td":1,"sr":1,"ks":{"o":{"a":0,"k":100,"ix":11},"r":{"a":0,"k":0,"ix":10},"p":{"a":1,"k":[{"i":{"x":0.667,"y":1},"o":{"x":0.524,"y":0},"t":0,"s":[49.181,32.947,0],"to":[0,-5.5,0],"ti":[0,-2.667,0]},{"i":{"x":0.143,"y":1},"o":{"x":0.333,"y":0},"t":50,"s":[49.181,-0.053,0],"to":[0,2.667,0],"ti":[0,-8.167,0]},{"i":{"x":0.667,"y":0.667},"o":{"x":0.333,"y":0.333},"t":100,"s":[49.181,48.947,0],"to":[0,0,0],"ti":[0,0,0]},{"i":{"x":0.667,"y":1},"o":{"x":0.333,"y":0},"t":164,"s":[49.181,48.947,0],"to":[0,-2.667,0],"ti":[0,2.667,0]},{"t":214,"s":[49.181,32.947,0]}],"ix":2},"a":{"a":0,"k":[67.746,42.87,0],"ix":1},"s":{"a":1,"k":[{"i":{"x":[0.667,0.667,0.667],"y":[1,1,1]},"o":{"x":[0.524,0.524,0.333],"y":[0,0,0]},"t":0,"s":[100,100,100]},{"i":{"x":[0.143,0.143,0.667],"y":[1,1,1]},"o":{"x":[0.333,0.333,0.333],"y":[0,0,0]},"t":50,"s":[87,87,100]},{"i":{"x":[0.667,0.667,0.667],"y":[1,1,1]},"o":{"x":[0.333,0.333,0.333],"y":[0,0,0]},"t":100,"s":[100,100,100]},{"i":{"x":[0.667,0.667,0.667],"y":[1,1,1]},"o":{"x":[0.333,0.333,0.333],"y":[0,0,0]},"t":164,"s":[100,100,100]},{"t":214,"s":[100,100,100]}],"ix":6}},"ao":0,"shapes":[{"ty":"gr","it":[{"ind":0,"ty":"sh","ix":1,"ks":{"a":1,"k":[{"i":{"x":0.667,"y":1},"o":{"x":0.524,"y":0},"t":0,"s":[{"i":[[18.598,0.306],[0,0],[0,0],[8.511,-0.072],[1.073,-12.783],[-29.667,-0.067],[0,0],[0,0],[-3.299,0.035],[0.293,13.279]],"o":[[-4.121,-0.101],[0,0],[0,0],[-27.957,-0.072],[1.073,11.467],[29.854,1.005],[0,0],[0,0],[20.441,-0.218],[-0.207,-12.284]],"v":[[33.034,-8.471],[21.121,-8.512],[-3.409,-8.494],[-26.598,-8.499],[-63.504,1.962],[-26.326,12.12],[-7.091,12.181],[17.889,12.097],[30.722,12.084],[63.089,1.525]],"c":true}]},{"i":{"x":0.143,"y":1},"o":{"x":0.333,"y":0},"t":50,"s":[{"i":[[18.598,0.306],[0,0],[0,0],[8.511,-0.072],[1.073,-12.783],[-29.667,-0.067],[0,0],[0,0],[-3.299,0.035],[0.293,13.279]],"o":[[-4.121,-0.101],[0,0],[0,0],[-27.957,-0.072],[1.073,11.467],[29.854,1.005],[0,0],[0,0],[20.441,-0.218],[-0.207,-12.284]],"v":[[33.034,-8.471],[21.121,-8.512],[-3.409,-8.494],[-26.598,-8.499],[-63.504,1.962],[-26.326,12.12],[-7.091,12.181],[17.889,12.097],[30.722,12.084],[63.089,1.525]],"c":true}]},{"i":{"x":0.667,"y":1},"o":{"x":0.333,"y":0},"t":100,"s":[{"i":[[17.483,1.062],[3.738,-1.061],[7.47,4.161],[8.432,-0.496],[0.988,-21.516],[-24.086,0],[-6.116,3.425],[-8.235,-2.302],[-3.299,0],[1.532,20.714]],"o":[[-4.134,-0.251],[-8.225,2.336],[-6.79,-3.781],[-21.501,1.267],[-1.117,24.331],[7.508,0],[7.461,-4.177],[3.029,0.847],[20.39,0],[-1.292,-17.469]],"v":[[32.956,-35.034],[21.093,-33.762],[-3.422,-36.868],[-26.579,-42.124],[-66.379,-1.788],[-24.014,42.62],[-3.341,37.243],[21.233,34.222],[30.753,35.521],[65.964,-2.476]],"c":true}]},{"i":{"x":0.667,"y":1},"o":{"x":0.333,"y":0},"t":164,"s":[{"i":[[17.483,1.062],[3.738,-1.061],[7.47,4.161],[8.432,-0.496],[0.988,-21.516],[-24.086,0],[-6.116,3.425],[-8.235,-2.302],[-3.299,0],[1.532,20.714]],"o":[[-4.134,-0.251],[-8.225,2.336],[-6.79,-3.781],[-21.501,1.267],[-1.117,24.331],[7.508,0],[7.461,-4.177],[3.029,0.847],[20.39,0],[-1.292,-17.469]],"v":[[32.956,-35.034],[21.093,-33.762],[-3.422,-36.868],[-26.579,-42.124],[-66.379,-1.788],[-24.014,42.62],[-3.341,37.243],[21.233,34.222],[30.753,35.521],[65.964,-2.476]],"c":true}]},{"t":214,"s":[{"i":[[18.598,0.306],[0,0],[0,0],[8.511,-0.072],[1.073,-12.783],[-29.667,-0.067],[0,0],[0,0],[-3.299,0.035],[0.293,13.279]],"o":[[-4.121,-0.101],[0,0],[0,0],[-27.957,-0.072],[1.073,11.467],[29.854,1.005],[0,0],[0,0],[20.441,-0.218],[-0.207,-12.284]],"v":[[33.034,-8.471],[21.121,-8.512],[-3.409,-8.494],[-26.598,-8.499],[-63.504,1.962],[-26.326,12.12],[-7.091,12.181],[17.889,12.097],[30.722,12.084],[63.089,1.525]],"c":true}]}],"ix":2},"nm":"Path 1","mn":"ADBE Vector Shape - Group","hd":false},{"ty":"fl","c":{"a":0,"k":[0.130376000498,0.105465750601,0.085201592539,1],"ix":4},"o":{"a":0,"k":100,"ix":5},"r":1,"bm":0,"nm":"Fill 1","mn":"ADBE Vector Graphic - Fill","hd":false},{"ty":"tr","p":{"a":0,"k":[67.746,42.871],"ix":2},"a":{"a":0,"k":[0,0],"ix":1},"s":{"a":0,"k":[100,100],"ix":3},"r":{"a":0,"k":0,"ix":6},"o":{"a":0,"k":100,"ix":7},"sk":{"a":0,"k":0,"ix":4},"sa":{"a":0,"k":0,"ix":5},"nm":"Transform"}],"nm":"Group 1","np":2,"cix":2,"bm":0,"ix":1,"mn":"ADBE Vector Group","hd":false}],"ip":0,"op":317,"st":0,"bm":0},{"ddd":0,"ind":6,"ty":4,"nm":"Teeth - 01","parent":1,"tt":1,"sr":1,"ks":{"o":{"a":0,"k":100,"ix":11},"r":{"a":0,"k":0,"ix":10},"p":{"a":1,"k":[{"i":{"x":0.143,"y":1},"o":{"x":0.333,"y":0},"t":50,"s":[48.038,110.696,0],"to":[0,-5.333,0],"ti":[0,5.333,0]},{"i":{"x":0.667,"y":0.667},"o":{"x":0.333,"y":0.333},"t":90,"s":[48.038,78.696,0],"to":[0,0,0],"ti":[0,0,0]},{"i":{"x":0.667,"y":1},"o":{"x":0.333,"y":0},"t":164,"s":[48.038,78.696,0],"to":[0,5.333,0],"ti":[0,-5.333,0]},{"t":214,"s":[48.038,110.696,0]}],"ix":2},"a":{"a":0,"k":[56.055,13.121,0],"ix":1},"s":{"a":0,"k":[100,100,100],"ix":6}},"ao":0,"shapes":[{"ty":"gr","it":[{"ind":0,"ty":"sh","ix":1,"ks":{"a":0,"k":{"i":[[-15.665,-5.88],[9.225,0],[3.033,0.851],[7.465,-4.18],[7.511,0],[7.779,9.571],[-21.147,0]],"o":[[-6.286,5.796],[-3.3,0],[-8.238,-2.297],[-6.11,3.423],[-13.284,0],[16.033,-6.332],[20.313,0]],"v":[[55.805,-3.56],[31.894,5.773],[22.376,4.471],[-2.201,7.496],[-22.874,12.871],[-55.805,-2.818],[0.961,-12.871]],"c":true},"ix":2},"nm":"Path 1","mn":"ADBE Vector Shape - Group","hd":false},{"ty":"fl","c":{"a":0,"k":[0.999999820485,0.999999760646,0.999999820485,1],"ix":4},"o":{"a":0,"k":100,"ix":5},"r":1,"bm":0,"nm":"Fill 1","mn":"ADBE Vector Graphic - Fill","hd":false},{"ty":"tr","p":{"a":0,"k":[56.055,13.121],"ix":2},"a":{"a":0,"k":[0,0],"ix":1},"s":{"a":0,"k":[100,100],"ix":3},"r":{"a":0,"k":0,"ix":6},"o":{"a":0,"k":100,"ix":7},"sk":{"a":0,"k":0,"ix":4},"sa":{"a":0,"k":0,"ix":5},"nm":"Transform"}],"nm":"Group 1","np":2,"cix":2,"bm":0,"ix":1,"mn":"ADBE Vector Group","hd":false}],"ip":0,"op":317,"st":0,"bm":0},{"ddd":0,"ind":7,"ty":4,"nm":"Main mouth - 06","parent":1,"td":1,"sr":1,"ks":{"o":{"a":0,"k":100,"ix":11},"r":{"a":0,"k":0,"ix":10},"p":{"a":1,"k":[{"i":{"x":0.667,"y":1},"o":{"x":0.524,"y":0},"t":0,"s":[49.181,32.947,0],"to":[0,-5.5,0],"ti":[0,-2.667,0]},{"i":{"x":0.143,"y":1},"o":{"x":0.333,"y":0},"t":50,"s":[49.181,-0.053,0],"to":[0,2.667,0],"ti":[0,-8.167,0]},{"i":{"x":0.667,"y":0.667},"o":{"x":0.333,"y":0.333},"t":100,"s":[49.181,48.947,0],"to":[0,0,0],"ti":[0,0,0]},{"i":{"x":0.667,"y":1},"o":{"x":0.333,"y":0},"t":164,"s":[49.181,48.947,0],"to":[0,-2.667,0],"ti":[0,2.667,0]},{"t":214,"s":[49.181,32.947,0]}],"ix":2},"a":{"a":0,"k":[67.746,42.87,0],"ix":1},"s":{"a":1,"k":[{"i":{"x":[0.667,0.667,0.667],"y":[1,1,1]},"o":{"x":[0.524,0.524,0.333],"y":[0,0,0]},"t":0,"s":[100,100,100]},{"i":{"x":[0.143,0.143,0.667],"y":[1,1,1]},"o":{"x":[0.333,0.333,0.333],"y":[0,0,0]},"t":50,"s":[87,87,100]},{"i":{"x":[0.667,0.667,0.667],"y":[1,1,1]},"o":{"x":[0.333,0.333,0.333],"y":[0,0,0]},"t":100,"s":[100,100,100]},{"i":{"x":[0.667,0.667,0.667],"y":[1,1,1]},"o":{"x":[0.333,0.333,0.333],"y":[0,0,0]},"t":164,"s":[100,100,100]},{"t":214,"s":[100,100,100]}],"ix":6}},"ao":0,"shapes":[{"ty":"gr","it":[{"ind":0,"ty":"sh","ix":1,"ks":{"a":1,"k":[{"i":{"x":0.667,"y":1},"o":{"x":0.524,"y":0},"t":0,"s":[{"i":[[18.598,0.306],[0,0],[0,0],[8.511,-0.072],[1.073,-12.783],[-29.667,-0.067],[0,0],[0,0],[-3.299,0.035],[0.293,13.279]],"o":[[-4.121,-0.101],[0,0],[0,0],[-27.957,-0.072],[1.073,11.467],[29.854,1.005],[0,0],[0,0],[20.441,-0.218],[-0.207,-12.284]],"v":[[33.034,-8.471],[21.121,-8.512],[-3.409,-8.494],[-26.598,-8.499],[-63.504,1.962],[-26.326,12.12],[-7.091,12.181],[17.889,12.097],[30.722,12.084],[63.089,1.525]],"c":true}]},{"i":{"x":0.143,"y":1},"o":{"x":0.333,"y":0},"t":50,"s":[{"i":[[18.598,0.306],[0,0],[0,0],[8.511,-0.072],[1.073,-12.783],[-29.667,-0.067],[0,0],[0,0],[-3.299,0.035],[0.293,13.279]],"o":[[-4.121,-0.101],[0,0],[0,0],[-27.957,-0.072],[1.073,11.467],[29.854,1.005],[0,0],[0,0],[20.441,-0.218],[-0.207,-12.284]],"v":[[33.034,-8.471],[21.121,-8.512],[-3.409,-8.494],[-26.598,-8.499],[-63.504,1.962],[-26.326,12.12],[-7.091,12.181],[17.889,12.097],[30.722,12.084],[63.089,1.525]],"c":true}]},{"i":{"x":0.667,"y":1},"o":{"x":0.333,"y":0},"t":100,"s":[{"i":[[17.483,1.062],[3.738,-1.061],[7.47,4.161],[8.432,-0.496],[0.988,-21.516],[-24.086,0],[-6.116,3.425],[-8.235,-2.302],[-3.299,0],[1.532,20.714]],"o":[[-4.134,-0.251],[-8.225,2.336],[-6.79,-3.781],[-21.501,1.267],[-1.117,24.331],[7.508,0],[7.461,-4.177],[3.029,0.847],[20.39,0],[-1.292,-17.469]],"v":[[32.956,-35.034],[21.093,-33.762],[-3.422,-36.868],[-26.579,-42.124],[-66.379,-1.788],[-24.014,42.62],[-3.341,37.243],[21.233,34.222],[30.753,35.521],[65.964,-2.476]],"c":true}]},{"i":{"x":0.667,"y":1},"o":{"x":0.333,"y":0},"t":164,"s":[{"i":[[17.483,1.062],[3.738,-1.061],[7.47,4.161],[8.432,-0.496],[0.988,-21.516],[-24.086,0],[-6.116,3.425],[-8.235,-2.302],[-3.299,0],[1.532,20.714]],"o":[[-4.134,-0.251],[-8.225,2.336],[-6.79,-3.781],[-21.501,1.267],[-1.117,24.331],[7.508,0],[7.461,-4.177],[3.029,0.847],[20.39,0],[-1.292,-17.469]],"v":[[32.956,-35.034],[21.093,-33.762],[-3.422,-36.868],[-26.579,-42.124],[-66.379,-1.788],[-24.014,42.62],[-3.341,37.243],[21.233,34.222],[30.753,35.521],[65.964,-2.476]],"c":true}]},{"t":214,"s":[{"i":[[18.598,0.306],[0,0],[0,0],[8.511,-0.072],[1.073,-12.783],[-29.667,-0.067],[0,0],[0,0],[-3.299,0.035],[0.293,13.279]],"o":[[-4.121,-0.101],[0,0],[0,0],[-27.957,-0.072],[1.073,11.467],[29.854,1.005],[0,0],[0,0],[20.441,-0.218],[-0.207,-12.284]],"v":[[33.034,-8.471],[21.121,-8.512],[-3.409,-8.494],[-26.598,-8.499],[-63.504,1.962],[-26.326,12.12],[-7.091,12.181],[17.889,12.097],[30.722,12.084],[63.089,1.525]],"c":true}]}],"ix":2},"nm":"Path 1","mn":"ADBE Vector Shape - Group","hd":false},{"ty":"fl","c":{"a":0,"k":[0.130376000498,0.105465750601,0.085201592539,1],"ix":4},"o":{"a":0,"k":100,"ix":5},"r":1,"bm":0,"nm":"Fill 1","mn":"ADBE Vector Graphic - Fill","hd":false},{"ty":"tr","p":{"a":0,"k":[67.746,42.871],"ix":2},"a":{"a":0,"k":[0,0],"ix":1},"s":{"a":0,"k":[100,100],"ix":3},"r":{"a":0,"k":0,"ix":6},"o":{"a":0,"k":100,"ix":7},"sk":{"a":0,"k":0,"ix":4},"sa":{"a":0,"k":0,"ix":5},"nm":"Transform"}],"nm":"Group 1","np":2,"cix":2,"bm":0,"ix":1,"mn":"ADBE Vector Group","hd":false}],"ip":0,"op":317,"st":0,"bm":0},{"ddd":0,"ind":8,"ty":4,"nm":"Teeth - 02","parent":1,"tt":1,"sr":1,"ks":{"o":{"a":0,"k":100,"ix":11},"r":{"a":0,"k":0,"ix":10},"p":{"a":1,"k":[{"i":{"x":0.143,"y":1},"o":{"x":0.333,"y":0},"t":50,"s":[48.325,-47.453,0],"to":[0,11.5,0],"ti":[0,-11.5,0]},{"i":{"x":0.667,"y":0.667},"o":{"x":0.333,"y":0.333},"t":100,"s":[48.325,21.547,0],"to":[0,0,0],"ti":[0,0,0]},{"i":{"x":0.667,"y":1},"o":{"x":0.333,"y":0},"t":164,"s":[48.325,21.547,0],"to":[0,-11.5,0],"ti":[0,11.5,0]},{"t":214,"s":[48.325,-47.453,0]}],"ix":2},"a":{"a":0,"k":[58.73,15.472,0],"ix":1},"s":{"a":0,"k":[100,100,100],"ix":6}},"ao":0,"shapes":[{"ty":"gr","it":[{"ind":0,"ty":"sh","ix":1,"ks":{"a":0,"k":{"i":[[-6.049,-7.09],[21.607,0],[16.453,6.93],[-13.636,0.805],[-6.792,-3.782],[-8.231,2.335],[-4.135,-0.253]],"o":[[-16.216,6.585],[-22.212,0],[7.173,-10.757],[8.438,-0.497],[7.465,4.165],[3.736,-1.065],[9.823,0.597]],"v":[[58.48,4.746],[0.673,15.221],[-58.48,4.188],[-25.727,-14.725],[-2.564,-9.471],[21.951,-6.363],[33.811,-7.633]],"c":true},"ix":2},"nm":"Path 1","mn":"ADBE Vector Shape - Group","hd":false},{"ty":"fl","c":{"a":0,"k":[0.999999820485,0.999999760646,0.999999820485,1],"ix":4},"o":{"a":0,"k":100,"ix":5},"r":1,"bm":0,"nm":"Fill 1","mn":"ADBE Vector Graphic - Fill","hd":false},{"ty":"tr","p":{"a":0,"k":[58.73,15.472],"ix":2},"a":{"a":0,"k":[0,0],"ix":1},"s":{"a":0,"k":[100,100],"ix":3},"r":{"a":0,"k":0,"ix":6},"o":{"a":0,"k":100,"ix":7},"sk":{"a":0,"k":0,"ix":4},"sa":{"a":0,"k":0,"ix":5},"nm":"Transform"}],"nm":"Group 1","np":2,"cix":2,"bm":0,"ix":1,"mn":"ADBE Vector Group","hd":false}],"ip":0,"op":317,"st":0,"bm":0},{"ddd":0,"ind":9,"ty":4,"nm":"Main mouth - 05","parent":1,"td":1,"sr":1,"ks":{"o":{"a":0,"k":100,"ix":11},"r":{"a":0,"k":0,"ix":10},"p":{"a":1,"k":[{"i":{"x":0.667,"y":1},"o":{"x":0.524,"y":0},"t":0,"s":[49.181,32.947,0],"to":[0,-5.5,0],"ti":[0,-2.667,0]},{"i":{"x":0.143,"y":1},"o":{"x":0.333,"y":0},"t":50,"s":[49.181,-0.053,0],"to":[0,2.667,0],"ti":[0,-8.167,0]},{"i":{"x":0.667,"y":0.667},"o":{"x":0.333,"y":0.333},"t":100,"s":[49.181,48.947,0],"to":[0,0,0],"ti":[0,0,0]},{"i":{"x":0.667,"y":1},"o":{"x":0.333,"y":0},"t":164,"s":[49.181,48.947,0],"to":[0,-2.667,0],"ti":[0,2.667,0]},{"t":214,"s":[49.181,32.947,0]}],"ix":2},"a":{"a":0,"k":[67.746,42.87,0],"ix":1},"s":{"a":1,"k":[{"i":{"x":[0.667,0.667,0.667],"y":[1,1,1]},"o":{"x":[0.524,0.524,0.333],"y":[0,0,0]},"t":0,"s":[100,100,100]},{"i":{"x":[0.143,0.143,0.667],"y":[1,1,1]},"o":{"x":[0.333,0.333,0.333],"y":[0,0,0]},"t":50,"s":[87,87,100]},{"i":{"x":[0.667,0.667,0.667],"y":[1,1,1]},"o":{"x":[0.333,0.333,0.333],"y":[0,0,0]},"t":100,"s":[100,100,100]},{"i":{"x":[0.667,0.667,0.667],"y":[1,1,1]},"o":{"x":[0.333,0.333,0.333],"y":[0,0,0]},"t":164,"s":[100,100,100]},{"t":214,"s":[100,100,100]}],"ix":6}},"ao":0,"shapes":[{"ty":"gr","it":[{"ind":0,"ty":"sh","ix":1,"ks":{"a":1,"k":[{"i":{"x":0.667,"y":1},"o":{"x":0.524,"y":0},"t":0,"s":[{"i":[[18.598,0.306],[0,0],[0,0],[8.511,-0.072],[1.073,-12.783],[-29.667,-0.067],[0,0],[0,0],[-3.299,0.035],[0.293,13.279]],"o":[[-4.121,-0.101],[0,0],[0,0],[-27.957,-0.072],[1.073,11.467],[29.854,1.005],[0,0],[0,0],[20.441,-0.218],[-0.207,-12.284]],"v":[[33.034,-8.471],[21.121,-8.512],[-3.409,-8.494],[-26.598,-8.499],[-63.504,1.962],[-26.326,12.12],[-7.091,12.181],[17.889,12.097],[30.722,12.084],[63.089,1.525]],"c":true}]},{"i":{"x":0.143,"y":1},"o":{"x":0.333,"y":0},"t":50,"s":[{"i":[[18.598,0.306],[0,0],[0,0],[8.511,-0.072],[1.073,-12.783],[-29.667,-0.067],[0,0],[0,0],[-3.299,0.035],[0.293,13.279]],"o":[[-4.121,-0.101],[0,0],[0,0],[-27.957,-0.072],[1.073,11.467],[29.854,1.005],[0,0],[0,0],[20.441,-0.218],[-0.207,-12.284]],"v":[[33.034,-8.471],[21.121,-8.512],[-3.409,-8.494],[-26.598,-8.499],[-63.504,1.962],[-26.326,12.12],[-7.091,12.181],[17.889,12.097],[30.722,12.084],[63.089,1.525]],"c":true}]},{"i":{"x":0.667,"y":1},"o":{"x":0.333,"y":0},"t":100,"s":[{"i":[[17.483,1.062],[3.738,-1.061],[7.47,4.161],[8.432,-0.496],[0.988,-21.516],[-24.086,0],[-6.116,3.425],[-8.235,-2.302],[-3.299,0],[1.532,20.714]],"o":[[-4.134,-0.251],[-8.225,2.336],[-6.79,-3.781],[-21.501,1.267],[-1.117,24.331],[7.508,0],[7.461,-4.177],[3.029,0.847],[20.39,0],[-1.292,-17.469]],"v":[[32.956,-35.034],[21.093,-33.762],[-3.422,-36.868],[-26.579,-42.124],[-66.379,-1.788],[-24.014,42.62],[-3.341,37.243],[21.233,34.222],[30.753,35.521],[65.964,-2.476]],"c":true}]},{"i":{"x":0.667,"y":1},"o":{"x":0.333,"y":0},"t":164,"s":[{"i":[[17.483,1.062],[3.738,-1.061],[7.47,4.161],[8.432,-0.496],[0.988,-21.516],[-24.086,0],[-6.116,3.425],[-8.235,-2.302],[-3.299,0],[1.532,20.714]],"o":[[-4.134,-0.251],[-8.225,2.336],[-6.79,-3.781],[-21.501,1.267],[-1.117,24.331],[7.508,0],[7.461,-4.177],[3.029,0.847],[20.39,0],[-1.292,-17.469]],"v":[[32.956,-35.034],[21.093,-33.762],[-3.422,-36.868],[-26.579,-42.124],[-66.379,-1.788],[-24.014,42.62],[-3.341,37.243],[21.233,34.222],[30.753,35.521],[65.964,-2.476]],"c":true}]},{"t":214,"s":[{"i":[[18.598,0.306],[0,0],[0,0],[8.511,-0.072],[1.073,-12.783],[-29.667,-0.067],[0,0],[0,0],[-3.299,0.035],[0.293,13.279]],"o":[[-4.121,-0.101],[0,0],[0,0],[-27.957,-0.072],[1.073,11.467],[29.854,1.005],[0,0],[0,0],[20.441,-0.218],[-0.207,-12.284]],"v":[[33.034,-8.471],[21.121,-8.512],[-3.409,-8.494],[-26.598,-8.499],[-63.504,1.962],[-26.326,12.12],[-7.091,12.181],[17.889,12.097],[30.722,12.084],[63.089,1.525]],"c":true}]}],"ix":2},"nm":"Path 1","mn":"ADBE Vector Shape - Group","hd":false},{"ty":"fl","c":{"a":0,"k":[0.130376000498,0.105465750601,0.085201592539,1],"ix":4},"o":{"a":0,"k":100,"ix":5},"r":1,"bm":0,"nm":"Fill 1","mn":"ADBE Vector Graphic - Fill","hd":false},{"ty":"tr","p":{"a":0,"k":[67.746,42.871],"ix":2},"a":{"a":0,"k":[0,0],"ix":1},"s":{"a":0,"k":[100,100],"ix":3},"r":{"a":0,"k":0,"ix":6},"o":{"a":0,"k":100,"ix":7},"sk":{"a":0,"k":0,"ix":4},"sa":{"a":0,"k":0,"ix":5},"nm":"Transform"}],"nm":"Group 1","np":2,"cix":2,"bm":0,"ix":1,"mn":"ADBE Vector Group","hd":false}],"ip":0,"op":317,"st":0,"bm":0},{"ddd":0,"ind":10,"ty":4,"nm":"Tongue - 01","parent":1,"tt":1,"sr":1,"ks":{"o":{"a":0,"k":100,"ix":11},"r":{"a":0,"k":0,"ix":10},"p":{"a":1,"k":[{"i":{"x":0.143,"y":1},"o":{"x":0.333,"y":0},"t":50,"s":[62.339,120.577,0],"to":[0,-8.833,0],"ti":[0,8.833,0]},{"i":{"x":0.667,"y":0.667},"o":{"x":0.333,"y":0.333},"t":90,"s":[62.339,67.577,0],"to":[0,0,0],"ti":[0,0,0]},{"i":{"x":0.667,"y":1},"o":{"x":0.333,"y":0},"t":164,"s":[62.339,67.577,0],"to":[0,8.833,0],"ti":[0,-8.833,0]},{"t":214,"s":[62.339,120.577,0]}],"ix":2},"a":{"a":0,"k":[18.221,9.255,0],"ix":1},"s":{"a":0,"k":[100,100,100],"ix":6}},"ao":0,"shapes":[{"ty":"gr","it":[{"ind":0,"ty":"sh","ix":1,"ks":{"a":0,"k":{"i":[[0,-4.974],[9.925,0],[0,4.973],[-9.925,0]],"o":[[0,4.973],[-9.925,0],[0,-4.974],[9.925,0]],"v":[[17.971,0],[-0.001,9.005],[-17.971,0],[-0.001,-9.005]],"c":true},"ix":2},"nm":"Path 1","mn":"ADBE Vector Shape - Group","hd":false},{"ty":"fl","c":{"a":0,"k":[0.989574477252,0.308151574228,0.171503972072,1],"ix":4},"o":{"a":0,"k":100,"ix":5},"r":1,"bm":0,"nm":"Fill 1","mn":"ADBE Vector Graphic - Fill","hd":false},{"ty":"tr","p":{"a":0,"k":[18.221,9.255],"ix":2},"a":{"a":0,"k":[0,0],"ix":1},"s":{"a":0,"k":[100,100],"ix":3},"r":{"a":0,"k":0,"ix":6},"o":{"a":0,"k":100,"ix":7},"sk":{"a":0,"k":0,"ix":4},"sa":{"a":0,"k":0,"ix":5},"nm":"Transform"}],"nm":"Group 1","np":2,"cix":2,"bm":0,"ix":1,"mn":"ADBE Vector Group","hd":false}],"ip":0,"op":317,"st":0,"bm":0},{"ddd":0,"ind":11,"ty":4,"nm":"Main mouth - 04","parent":1,"td":1,"sr":1,"ks":{"o":{"a":0,"k":100,"ix":11},"r":{"a":0,"k":0,"ix":10},"p":{"a":1,"k":[{"i":{"x":0.667,"y":1},"o":{"x":0.524,"y":0},"t":0,"s":[49.181,32.947,0],"to":[0,-5.5,0],"ti":[0,-2.667,0]},{"i":{"x":0.143,"y":1},"o":{"x":0.333,"y":0},"t":50,"s":[49.181,-0.053,0],"to":[0,2.667,0],"ti":[0,-8.167,0]},{"i":{"x":0.667,"y":0.667},"o":{"x":0.333,"y":0.333},"t":100,"s":[49.181,48.947,0],"to":[0,0,0],"ti":[0,0,0]},{"i":{"x":0.667,"y":1},"o":{"x":0.333,"y":0},"t":164,"s":[49.181,48.947,0],"to":[0,-2.667,0],"ti":[0,2.667,0]},{"t":214,"s":[49.181,32.947,0]}],"ix":2},"a":{"a":0,"k":[67.746,42.87,0],"ix":1},"s":{"a":1,"k":[{"i":{"x":[0.667,0.667,0.667],"y":[1,1,1]},"o":{"x":[0.524,0.524,0.333],"y":[0,0,0]},"t":0,"s":[100,100,100]},{"i":{"x":[0.143,0.143,0.667],"y":[1,1,1]},"o":{"x":[0.333,0.333,0.333],"y":[0,0,0]},"t":50,"s":[87,87,100]},{"i":{"x":[0.667,0.667,0.667],"y":[1,1,1]},"o":{"x":[0.333,0.333,0.333],"y":[0,0,0]},"t":100,"s":[100,100,100]},{"i":{"x":[0.667,0.667,0.667],"y":[1,1,1]},"o":{"x":[0.333,0.333,0.333],"y":[0,0,0]},"t":164,"s":[100,100,100]},{"t":214,"s":[100,100,100]}],"ix":6}},"ao":0,"shapes":[{"ty":"gr","it":[{"ind":0,"ty":"sh","ix":1,"ks":{"a":1,"k":[{"i":{"x":0.667,"y":1},"o":{"x":0.524,"y":0},"t":0,"s":[{"i":[[18.598,0.306],[0,0],[0,0],[8.511,-0.072],[1.073,-12.783],[-29.667,-0.067],[0,0],[0,0],[-3.299,0.035],[0.293,13.279]],"o":[[-4.121,-0.101],[0,0],[0,0],[-27.957,-0.072],[1.073,11.467],[29.854,1.005],[0,0],[0,0],[20.441,-0.218],[-0.207,-12.284]],"v":[[33.034,-8.471],[21.121,-8.512],[-3.409,-8.494],[-26.598,-8.499],[-63.504,1.962],[-26.326,12.12],[-7.091,12.181],[17.889,12.097],[30.722,12.084],[63.089,1.525]],"c":true}]},{"i":{"x":0.143,"y":1},"o":{"x":0.333,"y":0},"t":50,"s":[{"i":[[18.598,0.306],[0,0],[0,0],[8.511,-0.072],[1.073,-12.783],[-29.667,-0.067],[0,0],[0,0],[-3.299,0.035],[0.293,13.279]],"o":[[-4.121,-0.101],[0,0],[0,0],[-27.957,-0.072],[1.073,11.467],[29.854,1.005],[0,0],[0,0],[20.441,-0.218],[-0.207,-12.284]],"v":[[33.034,-8.471],[21.121,-8.512],[-3.409,-8.494],[-26.598,-8.499],[-63.504,1.962],[-26.326,12.12],[-7.091,12.181],[17.889,12.097],[30.722,12.084],[63.089,1.525]],"c":true}]},{"i":{"x":0.667,"y":1},"o":{"x":0.333,"y":0},"t":100,"s":[{"i":[[17.483,1.062],[3.738,-1.061],[7.47,4.161],[8.432,-0.496],[0.988,-21.516],[-24.086,0],[-6.116,3.425],[-8.235,-2.302],[-3.299,0],[1.532,20.714]],"o":[[-4.134,-0.251],[-8.225,2.336],[-6.79,-3.781],[-21.501,1.267],[-1.117,24.331],[7.508,0],[7.461,-4.177],[3.029,0.847],[20.39,0],[-1.292,-17.469]],"v":[[32.956,-35.034],[21.093,-33.762],[-3.422,-36.868],[-26.579,-42.124],[-66.379,-1.788],[-24.014,42.62],[-3.341,37.243],[21.233,34.222],[30.753,35.521],[65.964,-2.476]],"c":true}]},{"i":{"x":0.667,"y":1},"o":{"x":0.333,"y":0},"t":164,"s":[{"i":[[17.483,1.062],[3.738,-1.061],[7.47,4.161],[8.432,-0.496],[0.988,-21.516],[-24.086,0],[-6.116,3.425],[-8.235,-2.302],[-3.299,0],[1.532,20.714]],"o":[[-4.134,-0.251],[-8.225,2.336],[-6.79,-3.781],[-21.501,1.267],[-1.117,24.331],[7.508,0],[7.461,-4.177],[3.029,0.847],[20.39,0],[-1.292,-17.469]],"v":[[32.956,-35.034],[21.093,-33.762],[-3.422,-36.868],[-26.579,-42.124],[-66.379,-1.788],[-24.014,42.62],[-3.341,37.243],[21.233,34.222],[30.753,35.521],[65.964,-2.476]],"c":true}]},{"t":214,"s":[{"i":[[18.598,0.306],[0,0],[0,0],[8.511,-0.072],[1.073,-12.783],[-29.667,-0.067],[0,0],[0,0],[-3.299,0.035],[0.293,13.279]],"o":[[-4.121,-0.101],[0,0],[0,0],[-27.957,-0.072],[1.073,11.467],[29.854,1.005],[0,0],[0,0],[20.441,-0.218],[-0.207,-12.284]],"v":[[33.034,-8.471],[21.121,-8.512],[-3.409,-8.494],[-26.598,-8.499],[-63.504,1.962],[-26.326,12.12],[-7.091,12.181],[17.889,12.097],[30.722,12.084],[63.089,1.525]],"c":true}]}],"ix":2},"nm":"Path 1","mn":"ADBE Vector Shape - Group","hd":false},{"ty":"fl","c":{"a":0,"k":[0.130376000498,0.105465750601,0.085201592539,1],"ix":4},"o":{"a":0,"k":100,"ix":5},"r":1,"bm":0,"nm":"Fill 1","mn":"ADBE Vector Graphic - Fill","hd":false},{"ty":"tr","p":{"a":0,"k":[67.746,42.871],"ix":2},"a":{"a":0,"k":[0,0],"ix":1},"s":{"a":0,"k":[100,100],"ix":3},"r":{"a":0,"k":0,"ix":6},"o":{"a":0,"k":100,"ix":7},"sk":{"a":0,"k":0,"ix":4},"sa":{"a":0,"k":0,"ix":5},"nm":"Transform"}],"nm":"Group 1","np":2,"cix":2,"bm":0,"ix":1,"mn":"ADBE Vector Group","hd":false}],"ip":0,"op":317,"st":0,"bm":0},{"ddd":0,"ind":12,"ty":4,"nm":"Tongue - 02","parent":1,"tt":1,"sr":1,"ks":{"o":{"a":0,"k":100,"ix":11},"r":{"a":0,"k":0,"ix":10},"p":{"a":1,"k":[{"i":{"x":0.143,"y":1},"o":{"x":0.333,"y":0},"t":50,"s":[36.216,119.811,0],"to":[0,-8.833,0],"ti":[0,8.833,0]},{"i":{"x":0.667,"y":0.667},"o":{"x":0.333,"y":0.333},"t":90,"s":[36.216,66.811,0],"to":[0,0,0],"ti":[0,0,0]},{"i":{"x":0.667,"y":1},"o":{"x":0.333,"y":0},"t":164,"s":[36.216,66.811,0],"to":[0,8.833,0],"ti":[0,-8.833,0]},{"t":214,"s":[36.216,119.811,0]}],"ix":2},"a":{"a":0,"k":[22.994,11.646,0],"ix":1},"s":{"a":0,"k":[100,100,100],"ix":6}},"ao":0,"shapes":[{"ty":"gr","it":[{"ind":0,"ty":"sh","ix":1,"ks":{"a":0,"k":{"i":[[0,-6.295],[12.561,0],[0,6.294],[-12.562,0]],"o":[[0,6.294],[-12.562,0],[0,-6.295],[12.561,0]],"v":[[22.745,0.001],[0.001,11.396],[-22.745,0.001],[0.001,-11.396]],"c":true},"ix":2},"nm":"Path 1","mn":"ADBE Vector Shape - Group","hd":false},{"ty":"fl","c":{"a":0,"k":[0.989574477252,0.308151574228,0.171503972072,1],"ix":4},"o":{"a":0,"k":100,"ix":5},"r":1,"bm":0,"nm":"Fill 1","mn":"ADBE Vector Graphic - Fill","hd":false},{"ty":"tr","p":{"a":0,"k":[22.994,11.646],"ix":2},"a":{"a":0,"k":[0,0],"ix":1},"s":{"a":0,"k":[100,100],"ix":3},"r":{"a":0,"k":0,"ix":6},"o":{"a":0,"k":100,"ix":7},"sk":{"a":0,"k":0,"ix":4},"sa":{"a":0,"k":0,"ix":5},"nm":"Transform"}],"nm":"Group 1","np":2,"cix":2,"bm":0,"ix":1,"mn":"ADBE Vector Group","hd":false}],"ip":0,"op":317,"st":0,"bm":0},{"ddd":0,"ind":13,"ty":4,"nm":"Main mouth - 01","parent":1,"sr":1,"ks":{"o":{"a":0,"k":100,"ix":11},"r":{"a":0,"k":0,"ix":10},"p":{"a":1,"k":[{"i":{"x":0.667,"y":1},"o":{"x":0.524,"y":0},"t":0,"s":[49.181,32.947,0],"to":[0,-5.5,0],"ti":[0,-2.667,0]},{"i":{"x":0.143,"y":1},"o":{"x":0.333,"y":0},"t":50,"s":[49.181,-0.053,0],"to":[0,2.667,0],"ti":[0,-8.167,0]},{"i":{"x":0.667,"y":0.667},"o":{"x":0.333,"y":0.333},"t":100,"s":[49.181,48.947,0],"to":[0,0,0],"ti":[0,0,0]},{"i":{"x":0.667,"y":1},"o":{"x":0.333,"y":0},"t":164,"s":[49.181,48.947,0],"to":[0,-2.667,0],"ti":[0,2.667,0]},{"t":214,"s":[49.181,32.947,0]}],"ix":2},"a":{"a":0,"k":[67.746,42.87,0],"ix":1},"s":{"a":1,"k":[{"i":{"x":[0.667,0.667,0.667],"y":[1,1,1]},"o":{"x":[0.524,0.524,0.333],"y":[0,0,0]},"t":0,"s":[100,100,100]},{"i":{"x":[0.143,0.143,0.667],"y":[1,1,1]},"o":{"x":[0.333,0.333,0.333],"y":[0,0,0]},"t":50,"s":[87,87,100]},{"i":{"x":[0.667,0.667,0.667],"y":[1,1,1]},"o":{"x":[0.333,0.333,0.333],"y":[0,0,0]},"t":100,"s":[100,100,100]},{"i":{"x":[0.667,0.667,0.667],"y":[1,1,1]},"o":{"x":[0.333,0.333,0.333],"y":[0,0,0]},"t":164,"s":[100,100,100]},{"t":214,"s":[100,100,100]}],"ix":6}},"ao":0,"shapes":[{"ty":"gr","it":[{"ind":0,"ty":"sh","ix":1,"ks":{"a":1,"k":[{"i":{"x":0.667,"y":1},"o":{"x":0.524,"y":0},"t":0,"s":[{"i":[[18.598,0.306],[0,0],[0,0],[8.511,-0.072],[1.073,-12.783],[-29.667,-0.067],[0,0],[0,0],[-3.299,0.035],[0.293,13.279]],"o":[[-4.121,-0.101],[0,0],[0,0],[-27.957,-0.072],[1.073,11.467],[29.854,1.005],[0,0],[0,0],[20.441,-0.218],[-0.207,-12.284]],"v":[[33.034,-8.471],[21.121,-8.512],[-3.409,-8.494],[-26.598,-8.499],[-63.504,1.962],[-26.326,12.12],[-7.091,12.181],[17.889,12.097],[30.722,12.084],[63.089,1.525]],"c":true}]},{"i":{"x":0.143,"y":1},"o":{"x":0.333,"y":0},"t":50,"s":[{"i":[[18.598,0.306],[0,0],[0,0],[8.511,-0.072],[1.073,-12.783],[-29.667,-0.067],[0,0],[0,0],[-3.299,0.035],[0.293,13.279]],"o":[[-4.121,-0.101],[0,0],[0,0],[-27.957,-0.072],[1.073,11.467],[29.854,1.005],[0,0],[0,0],[20.441,-0.218],[-0.207,-12.284]],"v":[[33.034,-8.471],[21.121,-8.512],[-3.409,-8.494],[-26.598,-8.499],[-63.504,1.962],[-26.326,12.12],[-7.091,12.181],[17.889,12.097],[30.722,12.084],[63.089,1.525]],"c":true}]},{"i":{"x":0.667,"y":1},"o":{"x":0.333,"y":0},"t":100,"s":[{"i":[[17.483,1.062],[3.738,-1.061],[7.47,4.161],[8.432,-0.496],[0.988,-21.516],[-24.086,0],[-6.116,3.425],[-8.235,-2.302],[-3.299,0],[1.532,20.714]],"o":[[-4.134,-0.251],[-8.225,2.336],[-6.79,-3.781],[-21.501,1.267],[-1.117,24.331],[7.508,0],[7.461,-4.177],[3.029,0.847],[20.39,0],[-1.292,-17.469]],"v":[[32.956,-35.034],[21.093,-33.762],[-3.422,-36.868],[-26.579,-42.124],[-66.379,-1.788],[-24.014,42.62],[-3.341,37.243],[21.233,34.222],[30.753,35.521],[65.964,-2.476]],"c":true}]},{"i":{"x":0.667,"y":1},"o":{"x":0.333,"y":0},"t":164,"s":[{"i":[[17.483,1.062],[3.738,-1.061],[7.47,4.161],[8.432,-0.496],[0.988,-21.516],[-24.086,0],[-6.116,3.425],[-8.235,-2.302],[-3.299,0],[1.532,20.714]],"o":[[-4.134,-0.251],[-8.225,2.336],[-6.79,-3.781],[-21.501,1.267],[-1.117,24.331],[7.508,0],[7.461,-4.177],[3.029,0.847],[20.39,0],[-1.292,-17.469]],"v":[[32.956,-35.034],[21.093,-33.762],[-3.422,-36.868],[-26.579,-42.124],[-66.379,-1.788],[-24.014,42.62],[-3.341,37.243],[21.233,34.222],[30.753,35.521],[65.964,-2.476]],"c":true}]},{"t":214,"s":[{"i":[[18.598,0.306],[0,0],[0,0],[8.511,-0.072],[1.073,-12.783],[-29.667,-0.067],[0,0],[0,0],[-3.299,0.035],[0.293,13.279]],"o":[[-4.121,-0.101],[0,0],[0,0],[-27.957,-0.072],[1.073,11.467],[29.854,1.005],[0,0],[0,0],[20.441,-0.218],[-0.207,-12.284]],"v":[[33.034,-8.471],[21.121,-8.512],[-3.409,-8.494],[-26.598,-8.499],[-63.504,1.962],[-26.326,12.12],[-7.091,12.181],[17.889,12.097],[30.722,12.084],[63.089,1.525]],"c":true}]}],"ix":2},"nm":"Path 1","mn":"ADBE Vector Shape - Group","hd":false},{"ty":"fl","c":{"a":0,"k":[0.130376000498,0.105465750601,0.085201592539,1],"ix":4},"o":{"a":0,"k":100,"ix":5},"r":1,"bm":0,"nm":"Fill 1","mn":"ADBE Vector Graphic - Fill","hd":false},{"ty":"tr","p":{"a":0,"k":[67.746,42.871],"ix":2},"a":{"a":0,"k":[0,0],"ix":1},"s":{"a":0,"k":[100,100],"ix":3},"r":{"a":0,"k":0,"ix":6},"o":{"a":0,"k":100,"ix":7},"sk":{"a":0,"k":0,"ix":4},"sa":{"a":0,"k":0,"ix":5},"nm":"Transform"}],"nm":"Group 1","np":2,"cix":2,"bm":0,"ix":1,"mn":"ADBE Vector Group","hd":false}],"ip":0,"op":317,"st":0,"bm":0},{"ddd":0,"ind":14,"ty":4,"nm":"Reye - 01","parent":15,"sr":1,"ks":{"o":{"a":0,"k":100,"ix":11},"r":{"a":0,"k":0,"ix":10},"p":{"a":0,"k":[49.269,49.27,0],"ix":2},"a":{"a":0,"k":[23.687,23.687,0],"ix":1},"s":{"a":0,"k":[100,100,100],"ix":6}},"ao":0,"shapes":[{"ty":"gr","it":[{"ind":0,"ty":"sh","ix":1,"ks":{"a":0,"k":{"i":[[0,-4.437],[4.436,0],[0,4.437],[-4.438,0]],"o":[[0,4.437],[-4.438,0],[0,-4.437],[4.436,0]],"v":[[8.034,0],[0,8.034],[-8.034,0],[0,-8.034]],"c":true},"ix":2},"nm":"Path 1","mn":"ADBE Vector Shape - Group","hd":false},{"ty":"fl","c":{"a":0,"k":[0.999999820485,0.999999760646,0.999999820485,1],"ix":4},"o":{"a":0,"k":100,"ix":5},"r":1,"bm":0,"nm":"Fill 1","mn":"ADBE Vector Graphic - Fill","hd":false},{"ty":"tr","p":{"a":0,"k":[38.631,10.293],"ix":2},"a":{"a":0,"k":[0,0],"ix":1},"s":{"a":0,"k":[100,100],"ix":3},"r":{"a":0,"k":0,"ix":6},"o":{"a":0,"k":100,"ix":7},"sk":{"a":0,"k":0,"ix":4},"sa":{"a":0,"k":0,"ix":5},"nm":"Transform"}],"nm":"Group 1","np":2,"cix":2,"bm":0,"ix":1,"mn":"ADBE Vector Group","hd":false},{"ty":"gr","it":[{"ind":0,"ty":"sh","ix":1,"ks":{"a":0,"k":{"i":[[0,-12.944],[12.944,0],[0,12.944],[-12.944,0]],"o":[[0,12.944],[-12.944,0],[0,-12.944],[12.944,0]],"v":[[23.437,0],[-0.001,23.437],[-23.437,0],[-0.001,-23.437]],"c":true},"ix":2},"nm":"Path 1","mn":"ADBE Vector Shape - Group","hd":false},{"ty":"fl","c":{"a":0,"k":[0.132168788536,0.107019484277,0.086244463453,1],"ix":4},"o":{"a":0,"k":100,"ix":5},"r":1,"bm":0,"nm":"Fill 1","mn":"ADBE Vector Graphic - Fill","hd":false},{"ty":"tr","p":{"a":0,"k":[23.686,23.687],"ix":2},"a":{"a":0,"k":[0,0],"ix":1},"s":{"a":0,"k":[100,100],"ix":3},"r":{"a":0,"k":0,"ix":6},"o":{"a":0,"k":100,"ix":7},"sk":{"a":0,"k":0,"ix":4},"sa":{"a":0,"k":0,"ix":5},"nm":"Transform"}],"nm":"Group 2","np":2,"cix":2,"bm":0,"ix":2,"mn":"ADBE Vector Group","hd":false}],"ip":0,"op":317,"st":0,"bm":0},{"ddd":0,"ind":15,"ty":4,"nm":"Reye - 02","parent":1,"sr":1,"ks":{"o":{"a":0,"k":100,"ix":11},"r":{"a":0,"k":0,"ix":10},"p":{"a":1,"k":[{"i":{"x":0.667,"y":1},"o":{"x":0.524,"y":0},"t":0,"s":[112.965,-82.258,0],"to":[0,-3.333,0],"ti":[0,-2.667,0]},{"i":{"x":0.143,"y":1},"o":{"x":0.333,"y":0},"t":50,"s":[112.965,-102.258,0],"to":[0,2.667,0],"ti":[0,-6,0]},{"i":{"x":0.667,"y":0.667},"o":{"x":0.333,"y":0.333},"t":100,"s":[112.965,-66.258,0],"to":[0,0,0],"ti":[0,0,0]},{"i":{"x":0.667,"y":1},"o":{"x":0.333,"y":0},"t":164,"s":[112.965,-66.258,0],"to":[0,-2.667,0],"ti":[0,2.667,0]},{"t":214,"s":[112.965,-82.258,0]}],"ix":2},"a":{"a":0,"k":[49.27,49.27,0],"ix":1},"s":{"a":0,"k":[100,100,100],"ix":6}},"ao":0,"shapes":[{"ty":"gr","it":[{"ind":0,"ty":"sh","ix":1,"ks":{"a":0,"k":{"i":[[0,-27.073],[27.073,0],[0,27.073],[-27.073,0]],"o":[[0,27.073],[-27.073,0],[0,-27.073],[27.073,0]],"v":[[49.02,0],[-0.001,49.02],[-49.02,0],[-0.001,-49.02]],"c":true},"ix":2},"nm":"Path 1","mn":"ADBE Vector Shape - Group","hd":false},{"ty":"fl","c":{"a":0,"k":[0.999999820485,0.999999760646,0.999999820485,1],"ix":4},"o":{"a":0,"k":100,"ix":5},"r":1,"bm":0,"nm":"Fill 1","mn":"ADBE Vector Graphic - Fill","hd":false},{"ty":"tr","p":{"a":0,"k":[49.27,49.27],"ix":2},"a":{"a":0,"k":[0,0],"ix":1},"s":{"a":0,"k":[100,100],"ix":3},"r":{"a":0,"k":0,"ix":6},"o":{"a":0,"k":100,"ix":7},"sk":{"a":0,"k":0,"ix":4},"sa":{"a":0,"k":0,"ix":5},"nm":"Transform"}],"nm":"Group 1","np":2,"cix":2,"bm":0,"ix":1,"mn":"ADBE Vector Group","hd":false}],"ip":0,"op":317,"st":0,"bm":0},{"ddd":0,"ind":16,"ty":4,"nm":"Leye - 01","parent":17,"sr":1,"ks":{"o":{"a":0,"k":100,"ix":11},"r":{"a":0,"k":0,"ix":10},"p":{"a":0,"k":[49.27,49.27,0],"ix":2},"a":{"a":0,"k":[23.687,23.687,0],"ix":1},"s":{"a":0,"k":[100,100,100],"ix":6}},"ao":0,"shapes":[{"ty":"gr","it":[{"ind":0,"ty":"sh","ix":1,"ks":{"a":0,"k":{"i":[[0,-4.437],[4.437,0],[0,4.437],[-4.437,0]],"o":[[0,4.437],[-4.437,0],[0,-4.437],[4.437,0]],"v":[[8.034,0],[-0.001,8.034],[-8.034,0],[-0.001,-8.034]],"c":true},"ix":2},"nm":"Path 1","mn":"ADBE Vector Shape - Group","hd":false},{"ty":"fl","c":{"a":0,"k":[0.999999820485,0.999999760646,0.999999820485,1],"ix":4},"o":{"a":0,"k":100,"ix":5},"r":1,"bm":0,"nm":"Fill 1","mn":"ADBE Vector Graphic - Fill","hd":false},{"ty":"tr","p":{"a":0,"k":[38.632,10.293],"ix":2},"a":{"a":0,"k":[0,0],"ix":1},"s":{"a":0,"k":[100,100],"ix":3},"r":{"a":0,"k":0,"ix":6},"o":{"a":0,"k":100,"ix":7},"sk":{"a":0,"k":0,"ix":4},"sa":{"a":0,"k":0,"ix":5},"nm":"Transform"}],"nm":"Group 1","np":2,"cix":2,"bm":0,"ix":1,"mn":"ADBE Vector Group","hd":false},{"ty":"gr","it":[{"ind":0,"ty":"sh","ix":1,"ks":{"a":0,"k":{"i":[[0,-12.944],[12.944,0],[0,12.944],[-12.943,0]],"o":[[0,12.944],[-12.943,0],[0,-12.944],[12.944,0]],"v":[[23.437,0],[0,23.437],[-23.437,0],[0,-23.437]],"c":true},"ix":2},"nm":"Path 1","mn":"ADBE Vector Shape - Group","hd":false},{"ty":"fl","c":{"a":0,"k":[0.132168788536,0.107019484277,0.086244463453,1],"ix":4},"o":{"a":0,"k":100,"ix":5},"r":1,"bm":0,"nm":"Fill 1","mn":"ADBE Vector Graphic - Fill","hd":false},{"ty":"tr","p":{"a":0,"k":[23.687,23.687],"ix":2},"a":{"a":0,"k":[0,0],"ix":1},"s":{"a":0,"k":[100,100],"ix":3},"r":{"a":0,"k":0,"ix":6},"o":{"a":0,"k":100,"ix":7},"sk":{"a":0,"k":0,"ix":4},"sa":{"a":0,"k":0,"ix":5},"nm":"Transform"}],"nm":"Group 2","np":2,"cix":2,"bm":0,"ix":2,"mn":"ADBE Vector Group","hd":false}],"ip":0,"op":317,"st":0,"bm":0},{"ddd":0,"ind":17,"ty":4,"nm":"Leye - 02","parent":1,"sr":1,"ks":{"o":{"a":0,"k":100,"ix":11},"r":{"a":0,"k":0,"ix":10},"p":{"a":1,"k":[{"i":{"x":0.667,"y":1},"o":{"x":0.524,"y":0},"t":0,"s":[-14.965,-82.258,0],"to":[0,-3.333,0],"ti":[0,-2.667,0]},{"i":{"x":0.143,"y":1},"o":{"x":0.333,"y":0},"t":50,"s":[-14.965,-102.258,0],"to":[0,2.667,0],"ti":[0,-6,0]},{"i":{"x":0.667,"y":0.667},"o":{"x":0.333,"y":0.333},"t":100,"s":[-14.965,-66.258,0],"to":[0,0,0],"ti":[0,0,0]},{"i":{"x":0.667,"y":1},"o":{"x":0.333,"y":0},"t":164,"s":[-14.965,-66.258,0],"to":[0,-2.667,0],"ti":[0,2.667,0]},{"t":214,"s":[-14.965,-82.258,0]}],"ix":2},"a":{"a":0,"k":[49.27,49.27,0],"ix":1},"s":{"a":0,"k":[100,100,100],"ix":6}},"ao":0,"shapes":[{"ty":"gr","it":[{"ind":0,"ty":"sh","ix":1,"ks":{"a":0,"k":{"i":[[0,-27.073],[27.073,0],[0,27.073],[-27.072,0]],"o":[[0,27.073],[-27.072,0],[0,-27.073],[27.073,0]],"v":[[49.02,0],[-0.001,49.02],[-49.02,0],[-0.001,-49.02]],"c":true},"ix":2},"nm":"Path 1","mn":"ADBE Vector Shape - Group","hd":false},{"ty":"fl","c":{"a":0,"k":[0.999999820485,0.999999760646,0.999999820485,1],"ix":4},"o":{"a":0,"k":100,"ix":5},"r":1,"bm":0,"nm":"Fill 1","mn":"ADBE Vector Graphic - Fill","hd":false},{"ty":"tr","p":{"a":0,"k":[49.27,49.27],"ix":2},"a":{"a":0,"k":[0,0],"ix":1},"s":{"a":0,"k":[100,100],"ix":3},"r":{"a":0,"k":0,"ix":6},"o":{"a":0,"k":100,"ix":7},"sk":{"a":0,"k":0,"ix":4},"sa":{"a":0,"k":0,"ix":5},"nm":"Transform"}],"nm":"Group 1","np":2,"cix":2,"bm":0,"ix":1,"mn":"ADBE Vector Group","hd":false}],"ip":0,"op":317,"st":0,"bm":0},{"ddd":0,"ind":19,"ty":4,"nm":"Body - 02","parent":1,"sr":1,"ks":{"o":{"a":0,"k":100,"ix":11},"r":{"a":0,"k":0,"ix":10},"p":{"a":0,"k":[49,-77.25,0],"ix":2},"a":{"a":0,"k":[200.25,200.25,0],"ix":1},"s":{"a":0,"k":[100,100,100],"ix":6}},"ao":0,"shapes":[{"ty":"gr","it":[{"ind":0,"ty":"sh","ix":1,"ks":{"a":0,"k":{"i":[[0,-110.457],[110.457,0],[0,110.457],[-110.457,0]],"o":[[0,110.457],[-110.457,0],[0,-110.457],[110.457,0]],"v":[[200,0],[0,200],[-200,0],[0,-200]],"c":true},"ix":2},"nm":"Path 1","mn":"ADBE Vector Shape - Group","hd":false},{"ty":"gf","o":{"a":0,"k":100,"ix":10},"r":1,"bm":0,"g":{"p":3,"k":{"a":1,"k":[{"i":{"x":0.833,"y":0.833},"o":{"x":0.167,"y":0.167},"t":0,"s":[0,0.992,0.312,0.312,0.696,0.996,0.58,0.34,1,1,0.847,0.369]},{"i":{"x":0.833,"y":0.833},"o":{"x":0.167,"y":0.167},"t":90,"s":[0.134,1,0.252,0.252,0.737,1,0.549,0.31,1,1,0.847,0.369]},{"t":215,"s":[0,0.992,0.312,0.312,0.696,0.996,0.58,0.34,1,1,0.847,0.369]}],"ix":9}},"s":{"a":0,"k":[-200,0],"ix":5},"e":{"a":0,"k":[176,0],"ix":6},"t":1,"nm":"Gradient Fill 1","mn":"ADBE Vector Graphic - G-Fill","hd":false},{"ty":"tr","p":{"a":0,"k":[200.25,200.25],"ix":2},"a":{"a":0,"k":[0,0],"ix":1},"s":{"a":0,"k":[100,100],"ix":3},"r":{"a":0,"k":90,"ix":6},"o":{"a":0,"k":100,"ix":7},"sk":{"a":0,"k":0,"ix":4},"sa":{"a":0,"k":0,"ix":5},"nm":"Transform"}],"nm":"Group 1","np":2,"cix":2,"bm":0,"ix":1,"mn":"ADBE Vector Group","hd":false}],"ip":0,"op":317,"st":0,"bm":0}],"markers":[]}