{
  "v": "5.7.0",
  "fr": 29.9700012207031,
  "ip": 0,
  "op": 30.0000012219251,
  "w": 210,
  "h": 160,
  "nm": "DetectingHeartRate",
  "ddd": 0,
  "assets": [],
  "layers": [
    {
      "ddd": 0,
      "ind": 1,
      "ty": 4,
      "nm": "heartrate Outlines",
      "sr": 1,
      "ks": {
        "o": {
          "a": 0,
          "k": 100,
          "ix": 11
        },
        "r": {
          "a": 0,
          "k": 0,
          "ix": 10
        },
        "p": {
          "a": 0,
          "k": [
            105,
            80,
            0
          ],
          "ix": 2
        },
        "a": {
          "a": 0,
          "k": [
            105,
            80,
            0
          ],
          "ix": 1
        },
        "s": {
          "a": 1,
          "k": [
            {
              "i": {
                "x": [
                  0.615,
                  0.615,
                  0.667
                ],
                "y": [
                  1,
                  1,
                  1
                ]
              },
              "o": {
                "x": [
                  1,
                  1,
                  0.333
                ],
                "y": [
                  0,
                  0,
                  0
                ]
              },
              "t": 0,
              "s": [
                100,
                100,
                100
              ]
            },
            {
              "i": {
                "x": [
                  0.732,
                  0.732,
                  0.667
                ],
                "y": [
                  1,
                  1,
                  1
                ]
              },
              "o": {
                "x": [
                  0.113,
                  0.113,
                  0.333
                ],
                "y": [
                  0,
                  0,
                  0
                ]
              },
              "t": 8,
              "s": [
                110,
                110,
                100
              ]
            },
            {
              "i": {
                "x": [
                  0.2,
                  0.2,
                  0.667
                ],
                "y": [
                  1,
                  1,
                  1
                ]
              },
              "o": {
                "x": [
                  0.285,
                  0.285,
                  0.333
                ],
                "y": [
                  0,
                  0,
                  0
                ]
              },
              "t": 10,
              "s": [
                110,
                110,
                100
              ]
            },
            {
              "t": 29.0000011811942,
              "s": [
                100,
                100,
                100
              ]
            }
          ],
          "ix": 6
        }
      },
      "ao": 0,
      "shapes": [
        {
          "ty": "gr",
          "it": [
            {
              "ind": 0,
              "ty": "sh",
              "ix": 1,
              "ks": {
                "a": 0,
                "k": {
                  "i": [
                    [
                      8.693,
                      -9.766
                    ],
                    [
                      17.709,
                      -6.905
                    ],
                    [
                      0.022,
                      -19.22
                    ],
                    [
                      -21.499,
                      -15.587
                    ],
                    [
                      -6.036,
                      4.389
                    ],
                    [
                      0,
                      35.381
                    ],
                    [
                      25.346,
                      0.023
                    ],
                    [
                      0.042,
                      0
                    ]
                  ],
                  "o": [
                    [
                      -12.74,
                      -14.244
                    ],
                    [
                      -17.709,
                      6.904
                    ],
                    [
                      0,
                      35.381
                    ],
                    [
                      6.035,
                      4.389
                    ],
                    [
                      21.512,
                      -15.587
                    ],
                    [
                      0,
                      -25.671
                    ],
                    [
                      -0.042,
                      0
                    ],
                    [
                      -12.977,
                      -0.001
                    ]
                  ],
                  "v": [
                    [
                      -0.049,
                      -53.339
                    ],
                    [
                      -50.577,
                      -65.516
                    ],
                    [
                      -80,
                      -22.165
                    ],
                    [
                      -10.107,
                      68.032
                    ],
                    [
                      10.092,
                      68.032
                    ],
                    [
                      80,
                      -22.165
                    ],
                    [
                      34.119,
                      -68.676
                    ],
                    [
                      33.99,
                      -68.676
                    ]
                  ],
                  "c": true
                },
                "ix": 2
              },
              "nm": "Path 1",
              "mn": "ADBE Vector Shape - Group",
              "hd": false
            },
            {
              "ty": "fl",
              "c": {
                "a": 0,
                "k": [
                  1,
                  0,
                  0,
                  1
                ],
                "ix": 4
              },
              "o": {
                "a": 0,
                "k": 100,
                "ix": 5
              },
              "r": 1,
              "bm": 0,
              "nm": "Fill 1",
              "mn": "ADBE Vector Graphic - Fill",
              "hd": false
            },
            {
              "ty": "tr",
              "p": {
                "a": 0,
                "k": [
                  104.592,
                  78.262
                ],
                "ix": 2
              },
              "a": {
                "a": 0,
                "k": [
                  0,
                  0
                ],
                "ix": 1
              },
              "s": {
                "a": 0,
                "k": [
                  100,
                  100
                ],
                "ix": 3
              },
              "r": {
                "a": 0,
                "k": 0,
                "ix": 6
              },
              "o": {
                "a": 0,
                "k": 100,
                "ix": 7
              },
              "sk": {
                "a": 0,
                "k": 0,
                "ix": 4
              },
              "sa": {
                "a": 0,
                "k": 0,
                "ix": 5
              },
              "nm": "Transform"
            }
          ],
          "nm": "Group 1",
          "np": 2,
          "cix": 2,
          "bm": 0,
          "ix": 1,
          "mn": "ADBE Vector Group",
          "hd": false
        }
      ],
      "ip": 0,
      "op": 35.0000014255792,
      "st": 0,
      "bm": 0
    }
  ],
  "markers": []
}