{"v":"4.8.0","meta":{"g":"LottieFiles AE 1.0.0","a":"","k":"","d":"","tc":""},"fr":60,"ip":0,"op":210,"w":100,"h":300,"nm":"Comp 1","ddd":0,"assets":[{"id":"comp_0","layers":[{"ddd":0,"ind":1,"ty":4,"nm":"heart fast 3","sr":1,"ks":{"o":{"a":1,"k":[{"i":{"x":[0.833],"y":[0.833]},"o":{"x":[0.167],"y":[0.167]},"t":100,"s":[100]},{"t":224,"s":[0]}],"ix":11},"r":{"a":0,"k":0,"ix":10},"p":{"s":true,"x":{"a":1,"k":[{"i":{"x":[0.967],"y":[1.169]},"o":{"x":[0.167],"y":[0.167]},"t":100,"s":[336.5]},{"i":{"x":[0.976],"y":[0.994]},"o":{"x":[0.024],"y":[0.096]},"t":118,"s":[338.919]},{"i":{"x":[0.969],"y":[1.005]},"o":{"x":[0.031],"y":[-0.005]},"t":143.371,"s":[333.823]},{"i":{"x":[0.973],"y":[0.994]},"o":{"x":[0.027],"y":[0.006]},"t":162.812,"s":[338.749]},{"i":{"x":[0.976],"y":[1.007]},"o":{"x":[0.024],"y":[-0.006]},"t":184.93,"s":[333.666]},{"i":{"x":[0.833],"y":[0.833]},"o":{"x":[0.024],"y":[0.005]},"t":210,"s":[338.571]},{"t":235,"s":[333.5]}],"ix":3},"y":{"a":1,"k":[{"i":{"x":[0.833],"y":[0.833]},"o":{"x":[0.333],"y":[0]},"t":100,"s":[498.5]},{"t":235,"s":[280]}],"ix":4}},"a":{"a":0,"k":[0,0,0],"ix":1},"s":{"a":1,"k":[{"i":{"x":[0.833,0.833,0.833],"y":[0.833,0.833,0.833]},"o":{"x":[0.167,0.167,0.167],"y":[0.167,0.167,0.167]},"t":100,"s":[0,0,100]},{"i":{"x":[0.833,0.833,0.833],"y":[0.833,0.833,0.833]},"o":{"x":[0.167,0.167,0.167],"y":[0.167,0.167,0.167]},"t":108,"s":[120,120,100]},{"i":{"x":[0.833,0.833,0.833],"y":[0.833,0.833,0.833]},"o":{"x":[0.167,0.167,0.167],"y":[0.167,0.167,0.167]},"t":111,"s":[100,100,100]},{"t":153,"s":[100,100,100]}],"ix":6}},"ao":0,"shapes":[{"ty":"gr","it":[{"ind":0,"ty":"sh","ix":1,"ks":{"a":0,"k":{"i":[[-6.438,-5.837],[0,0],[0,0],[0,4.725],[3.85,0],[1.363,-1.6],[2.175,0],[0,-3.85]],"o":[[0,0],[0,0],[6.438,-5.85],[0,-3.85],[-2.175,0],[-1.363,-1.6],[-3.85,0],[0,4.725]],"v":[[-1.812,9.819],[0,11.469],[1.812,9.831],[12.5,-4.594],[5.625,-11.469],[0,-8.856],[-5.625,-11.469],[-12.5,-4.594]],"c":true},"ix":2},"nm":"Path 1","mn":"ADBE Vector Shape - Group","hd":false},{"ty":"st","c":{"a":0,"k":[1,1,1,1],"ix":3},"o":{"a":0,"k":100,"ix":4},"w":{"a":0,"k":1,"ix":5},"lc":1,"lj":1,"ml":4,"bm":0,"nm":"Stroke 1","mn":"ADBE Vector Graphic - Stroke","hd":false},{"ty":"fl","c":{"a":0,"k":[0.780392169952,0,0.333333343267,1],"ix":4},"o":{"a":0,"k":100,"ix":5},"r":1,"bm":0,"nm":"Fill 1","mn":"ADBE Vector Graphic - Fill","hd":false},{"ty":"tr","p":{"a":0,"k":[0,0],"ix":2},"a":{"a":0,"k":[0,0],"ix":1},"s":{"a":0,"k":[100,100],"ix":3},"r":{"a":0,"k":0,"ix":6},"o":{"a":0,"k":100,"ix":7},"sk":{"a":0,"k":0,"ix":4},"sa":{"a":0,"k":0,"ix":5},"nm":"Transform"}],"nm":"Vector","np":3,"cix":2,"bm":0,"ix":1,"mn":"ADBE Vector Group","hd":false}],"ip":100,"op":400,"st":100,"bm":0},{"ddd":0,"ind":2,"ty":4,"nm":"heart fast 2","sr":1,"ks":{"o":{"a":1,"k":[{"i":{"x":[0.833],"y":[0.833]},"o":{"x":[0.167],"y":[0.167]},"t":78,"s":[100]},{"t":202,"s":[0]}],"ix":11},"r":{"a":0,"k":0,"ix":10},"p":{"s":true,"x":{"a":1,"k":[{"i":{"x":[0.975],"y":[1.044]},"o":{"x":[0.167],"y":[0.167]},"t":78,"s":[327.125]},{"i":{"x":[0.979],"y":[0.993]},"o":{"x":[0.021],"y":[0.105]},"t":97.135,"s":[334.5]},{"i":{"x":[0.972],"y":[1.002]},"o":{"x":[0.028],"y":[-0.002]},"t":120,"s":[330.75]},{"i":{"x":[0.976],"y":[0.994]},"o":{"x":[0.024],"y":[0.006]},"t":137,"s":[338.5]},{"i":{"x":[0.657],"y":[1.629]},"o":{"x":[0.033],"y":[0.008]},"t":157.371,"s":[334.5]},{"i":{"x":[0.977],"y":[1.002]},"o":{"x":[0.534],"y":[0.277]},"t":173,"s":[331]},{"i":{"x":[0.971],"y":[0.664]},"o":{"x":[0.029],"y":[0.005]},"t":181.217,"s":[337.5]},{"t":198,"s":[333.5]}],"ix":3},"y":{"a":1,"k":[{"i":{"x":[0.704],"y":[0.763]},"o":{"x":[0.315],"y":[0]},"t":78,"s":[498.594]},{"t":198,"s":[280]}],"ix":4}},"a":{"a":0,"k":[0,0,0],"ix":1},"s":{"a":1,"k":[{"i":{"x":[0.833,0.833,0.833],"y":[0.833,0.833,0.833]},"o":{"x":[0.167,0.167,0.167],"y":[0.167,0.167,0.167]},"t":78,"s":[0,0,100]},{"i":{"x":[0.833,0.833,0.833],"y":[0.833,0.833,0.833]},"o":{"x":[0.167,0.167,0.167],"y":[0.167,0.167,0.167]},"t":86,"s":[120,120,100]},{"i":{"x":[0.833,0.833,0.833],"y":[0.833,0.833,0.833]},"o":{"x":[0.167,0.167,0.167],"y":[0.167,0.167,0.167]},"t":89,"s":[100,100,100]},{"t":131,"s":[100,100,100]}],"ix":6}},"ao":0,"shapes":[{"ty":"gr","it":[{"ind":0,"ty":"sh","ix":1,"ks":{"a":0,"k":{"i":[[-6.438,-5.837],[0,0],[0,0],[0,4.725],[3.85,0],[1.363,-1.6],[2.175,0],[0,-3.85]],"o":[[0,0],[0,0],[6.438,-5.85],[0,-3.85],[-2.175,0],[-1.363,-1.6],[-3.85,0],[0,4.725]],"v":[[-1.812,9.819],[0,11.469],[1.812,9.831],[12.5,-4.594],[5.625,-11.469],[0,-8.856],[-5.625,-11.469],[-12.5,-4.594]],"c":true},"ix":2},"nm":"Path 1","mn":"ADBE Vector Shape - Group","hd":false},{"ty":"st","c":{"a":0,"k":[1,1,1,1],"ix":3},"o":{"a":0,"k":100,"ix":4},"w":{"a":0,"k":1,"ix":5},"lc":1,"lj":1,"ml":4,"bm":0,"nm":"Stroke 1","mn":"ADBE Vector Graphic - Stroke","hd":false},{"ty":"fl","c":{"a":0,"k":[0.780392169952,0,0.333333343267,1],"ix":4},"o":{"a":0,"k":100,"ix":5},"r":1,"bm":0,"nm":"Fill 1","mn":"ADBE Vector Graphic - Fill","hd":false},{"ty":"tr","p":{"a":0,"k":[0,0],"ix":2},"a":{"a":0,"k":[0,0],"ix":1},"s":{"a":0,"k":[100,100],"ix":3},"r":{"a":0,"k":0,"ix":6},"o":{"a":0,"k":100,"ix":7},"sk":{"a":0,"k":0,"ix":4},"sa":{"a":0,"k":0,"ix":5},"nm":"Transform"}],"nm":"Vector","np":3,"cix":2,"bm":0,"ix":1,"mn":"ADBE Vector Group","hd":false}],"ip":78,"op":378,"st":78,"bm":0},{"ddd":0,"ind":3,"ty":4,"nm":"heart fast","sr":1,"ks":{"o":{"a":1,"k":[{"i":{"x":[0.833],"y":[0.833]},"o":{"x":[0.167],"y":[0.167]},"t":63,"s":[100]},{"t":187,"s":[0]}],"ix":11},"r":{"a":0,"k":0,"ix":10},"p":{"s":true,"x":{"a":1,"k":[{"i":{"x":[0.967],"y":[1.169]},"o":{"x":[0.167],"y":[0.167]},"t":63,"s":[336.5]},{"i":{"x":[0.976],"y":[0.994]},"o":{"x":[0.024],"y":[0.096]},"t":81,"s":[338.919]},{"i":{"x":[0.969],"y":[1.005]},"o":{"x":[0.031],"y":[-0.005]},"t":106.371,"s":[333.823]},{"i":{"x":[0.973],"y":[0.994]},"o":{"x":[0.027],"y":[0.006]},"t":125.812,"s":[338.749]},{"i":{"x":[0.976],"y":[1.007]},"o":{"x":[0.024],"y":[-0.006]},"t":147.93,"s":[333.666]},{"i":{"x":[0.833],"y":[0.833]},"o":{"x":[0.024],"y":[0.005]},"t":173,"s":[338.571]},{"t":198,"s":[333.5]}],"ix":3},"y":{"a":1,"k":[{"i":{"x":[0.833],"y":[0.833]},"o":{"x":[0.333],"y":[0]},"t":63,"s":[498.5]},{"t":198,"s":[280]}],"ix":4}},"a":{"a":0,"k":[0,0,0],"ix":1},"s":{"a":1,"k":[{"i":{"x":[0.833,0.833,0.833],"y":[0.833,0.833,0.833]},"o":{"x":[0.167,0.167,0.167],"y":[0.167,0.167,0.167]},"t":63,"s":[0,0,100]},{"i":{"x":[0.833,0.833,0.833],"y":[0.833,0.833,0.833]},"o":{"x":[0.167,0.167,0.167],"y":[0.167,0.167,0.167]},"t":71,"s":[120,120,100]},{"i":{"x":[0.833,0.833,0.833],"y":[0.833,0.833,0.833]},"o":{"x":[0.167,0.167,0.167],"y":[0.167,0.167,0.167]},"t":74,"s":[100,100,100]},{"t":116,"s":[100,100,100]}],"ix":6}},"ao":0,"shapes":[{"ty":"gr","it":[{"ind":0,"ty":"sh","ix":1,"ks":{"a":0,"k":{"i":[[-6.438,-5.837],[0,0],[0,0],[0,4.725],[3.85,0],[1.363,-1.6],[2.175,0],[0,-3.85]],"o":[[0,0],[0,0],[6.438,-5.85],[0,-3.85],[-2.175,0],[-1.363,-1.6],[-3.85,0],[0,4.725]],"v":[[-1.812,9.819],[0,11.469],[1.812,9.831],[12.5,-4.594],[5.625,-11.469],[0,-8.856],[-5.625,-11.469],[-12.5,-4.594]],"c":true},"ix":2},"nm":"Path 1","mn":"ADBE Vector Shape - Group","hd":false},{"ty":"st","c":{"a":0,"k":[1,1,1,1],"ix":3},"o":{"a":0,"k":100,"ix":4},"w":{"a":0,"k":1,"ix":5},"lc":1,"lj":1,"ml":4,"bm":0,"nm":"Stroke 1","mn":"ADBE Vector Graphic - Stroke","hd":false},{"ty":"fl","c":{"a":0,"k":[0.780392169952,0,0.333333343267,1],"ix":4},"o":{"a":0,"k":100,"ix":5},"r":1,"bm":0,"nm":"Fill 1","mn":"ADBE Vector Graphic - Fill","hd":false},{"ty":"tr","p":{"a":0,"k":[0,0],"ix":2},"a":{"a":0,"k":[0,0],"ix":1},"s":{"a":0,"k":[100,100],"ix":3},"r":{"a":0,"k":0,"ix":6},"o":{"a":0,"k":100,"ix":7},"sk":{"a":0,"k":0,"ix":4},"sa":{"a":0,"k":0,"ix":5},"nm":"Transform"}],"nm":"Vector","np":3,"cix":2,"bm":0,"ix":1,"mn":"ADBE Vector Group","hd":false}],"ip":63,"op":363,"st":63,"bm":0},{"ddd":0,"ind":4,"ty":4,"nm":"heart slow 4","sr":0.8,"ks":{"o":{"a":1,"k":[{"i":{"x":[0.833],"y":[0.833]},"o":{"x":[0.167],"y":[0.167]},"t":49,"s":[100]},{"t":148.2,"s":[0]}],"ix":11},"r":{"a":0,"k":0,"ix":10},"p":{"s":true,"x":{"a":1,"k":[{"i":{"x":[0.967],"y":[1.169]},"o":{"x":[0.167],"y":[0.167]},"t":49,"s":[336.5]},{"i":{"x":[0.976],"y":[0.994]},"o":{"x":[0.024],"y":[0.096]},"t":63.4,"s":[338.919]},{"i":{"x":[0.969],"y":[1.005]},"o":{"x":[0.031],"y":[-0.005]},"t":83.697,"s":[333.823]},{"i":{"x":[0.973],"y":[0.994]},"o":{"x":[0.027],"y":[0.006]},"t":99.25,"s":[338.749]},{"i":{"x":[0.976],"y":[1.007]},"o":{"x":[0.024],"y":[-0.006]},"t":116.944,"s":[333.666]},{"i":{"x":[0.833],"y":[0.833]},"o":{"x":[0.024],"y":[0.005]},"t":137,"s":[338.571]},{"t":157,"s":[333.5]}],"ix":3},"y":{"a":1,"k":[{"i":{"x":[0.833],"y":[0.833]},"o":{"x":[0.333],"y":[0]},"t":49,"s":[498.5]},{"t":157,"s":[280]}],"ix":4}},"a":{"a":0,"k":[0,0,0],"ix":1},"s":{"a":1,"k":[{"i":{"x":[0.833,0.833,0.833],"y":[0.833,0.833,0.833]},"o":{"x":[0.167,0.167,0.167],"y":[0.167,0.167,0.167]},"t":49,"s":[0,0,100]},{"i":{"x":[0.833,0.833,0.833],"y":[0.833,0.833,0.833]},"o":{"x":[0.167,0.167,0.167],"y":[0.167,0.167,0.167]},"t":57,"s":[120,120,100]},{"i":{"x":[0.833,0.833,0.833],"y":[0.833,0.833,0.833]},"o":{"x":[0.167,0.167,0.167],"y":[0.167,0.167,0.167]},"t":60,"s":[100,100,100]},{"t":91.4,"s":[100,100,100]}],"ix":6}},"ao":0,"shapes":[{"ty":"gr","it":[{"ind":0,"ty":"sh","ix":1,"ks":{"a":0,"k":{"i":[[-6.438,-5.837],[0,0],[0,0],[0,4.725],[3.85,0],[1.363,-1.6],[2.175,0],[0,-3.85]],"o":[[0,0],[0,0],[6.438,-5.85],[0,-3.85],[-2.175,0],[-1.363,-1.6],[-3.85,0],[0,4.725]],"v":[[-1.812,9.819],[0,11.469],[1.812,9.831],[12.5,-4.594],[5.625,-11.469],[0,-8.856],[-5.625,-11.469],[-12.5,-4.594]],"c":true},"ix":2},"nm":"Path 1","mn":"ADBE Vector Shape - Group","hd":false},{"ty":"st","c":{"a":0,"k":[1,1,1,1],"ix":3},"o":{"a":0,"k":100,"ix":4},"w":{"a":0,"k":1,"ix":5},"lc":1,"lj":1,"ml":4,"bm":0,"nm":"Stroke 1","mn":"ADBE Vector Graphic - Stroke","hd":false},{"ty":"fl","c":{"a":0,"k":[0.780392169952,0,0.333333343267,1],"ix":4},"o":{"a":0,"k":100,"ix":5},"r":1,"bm":0,"nm":"Fill 1","mn":"ADBE Vector Graphic - Fill","hd":false},{"ty":"tr","p":{"a":0,"k":[0,0],"ix":2},"a":{"a":0,"k":[0,0],"ix":1},"s":{"a":0,"k":[100,100],"ix":3},"r":{"a":0,"k":0,"ix":6},"o":{"a":0,"k":100,"ix":7},"sk":{"a":0,"k":0,"ix":4},"sa":{"a":0,"k":0,"ix":5},"nm":"Transform"}],"nm":"Vector","np":3,"cix":2,"bm":0,"ix":1,"mn":"ADBE Vector Group","hd":false}],"ip":49,"op":289,"st":49,"bm":0},{"ddd":0,"ind":5,"ty":4,"nm":"heart slow 3","sr":0.8,"ks":{"o":{"a":1,"k":[{"i":{"x":[0.833],"y":[0.833]},"o":{"x":[0.167],"y":[0.167]},"t":28,"s":[100]},{"t":132,"s":[0]}],"ix":11},"r":{"a":0,"k":0,"ix":10},"p":{"s":true,"x":{"a":1,"k":[{"i":{"x":[0.975],"y":[1.056]},"o":{"x":[0.167],"y":[0.167]},"t":28,"s":[327.125]},{"i":{"x":[0.979],"y":[0.991]},"o":{"x":[0.021],"y":[0.131]},"t":47.134,"s":[334.5]},{"i":{"x":[0.972],"y":[1.003]},"o":{"x":[0.028],"y":[-0.003]},"t":70,"s":[330.75]},{"i":{"x":[0.976],"y":[0.993]},"o":{"x":[0.024],"y":[0.007]},"t":87,"s":[338.5]},{"i":{"x":[0.657],"y":[1.786]},"o":{"x":[0.033],"y":[0.01]},"t":107.37,"s":[334.5]},{"i":{"x":[0.977],"y":[1.002]},"o":{"x":[0.534],"y":[0.347]},"t":123,"s":[331]},{"i":{"x":[0.971],"y":[0.579]},"o":{"x":[0.029],"y":[0.006]},"t":131.217,"s":[337.5]},{"t":148,"s":[333.5]}],"ix":3},"y":{"a":1,"k":[{"i":{"x":[0.704],"y":[0.704]},"o":{"x":[0.315],"y":[0]},"t":28,"s":[498.594]},{"t":148,"s":[280]}],"ix":4}},"a":{"a":0,"k":[0,0,0],"ix":1},"s":{"a":1,"k":[{"i":{"x":[0.833,0.833,0.833],"y":[0.833,0.833,0.833]},"o":{"x":[0.167,0.167,0.167],"y":[0.167,0.167,0.167]},"t":28,"s":[0,0,100]},{"i":{"x":[0.833,0.833,0.833],"y":[0.833,0.833,0.833]},"o":{"x":[0.167,0.167,0.167],"y":[0.167,0.167,0.167]},"t":36,"s":[120,120,100]},{"i":{"x":[0.833,0.833,0.833],"y":[0.833,0.833,0.833]},"o":{"x":[0.167,0.167,0.167],"y":[0.167,0.167,0.167]},"t":39,"s":[100,100,100]},{"t":70.4,"s":[100,100,100]}],"ix":6}},"ao":0,"shapes":[{"ty":"gr","it":[{"ind":0,"ty":"sh","ix":1,"ks":{"a":0,"k":{"i":[[-6.438,-5.837],[0,0],[0,0],[0,4.725],[3.85,0],[1.363,-1.6],[2.175,0],[0,-3.85]],"o":[[0,0],[0,0],[6.438,-5.85],[0,-3.85],[-2.175,0],[-1.363,-1.6],[-3.85,0],[0,4.725]],"v":[[-1.812,9.819],[0,11.469],[1.812,9.831],[12.5,-4.594],[5.625,-11.469],[0,-8.856],[-5.625,-11.469],[-12.5,-4.594]],"c":true},"ix":2},"nm":"Path 1","mn":"ADBE Vector Shape - Group","hd":false},{"ty":"st","c":{"a":0,"k":[1,1,1,1],"ix":3},"o":{"a":0,"k":100,"ix":4},"w":{"a":0,"k":1,"ix":5},"lc":1,"lj":1,"ml":4,"bm":0,"nm":"Stroke 1","mn":"ADBE Vector Graphic - Stroke","hd":false},{"ty":"fl","c":{"a":0,"k":[0.780392169952,0,0.333333343267,1],"ix":4},"o":{"a":0,"k":100,"ix":5},"r":1,"bm":0,"nm":"Fill 1","mn":"ADBE Vector Graphic - Fill","hd":false},{"ty":"tr","p":{"a":0,"k":[0,0],"ix":2},"a":{"a":0,"k":[0,0],"ix":1},"s":{"a":0,"k":[100,100],"ix":3},"r":{"a":0,"k":0,"ix":6},"o":{"a":0,"k":100,"ix":7},"sk":{"a":0,"k":0,"ix":4},"sa":{"a":0,"k":0,"ix":5},"nm":"Transform"}],"nm":"Vector","np":3,"cix":2,"bm":0,"ix":1,"mn":"ADBE Vector Group","hd":false}],"ip":28,"op":268,"st":28,"bm":0},{"ddd":0,"ind":6,"ty":4,"nm":"heart slow 2","sr":0.8,"ks":{"o":{"a":1,"k":[{"i":{"x":[0.833],"y":[0.833]},"o":{"x":[0.167],"y":[0.167]},"t":13,"s":[100]},{"t":137,"s":[0]}],"ix":11},"r":{"a":0,"k":0,"ix":10},"p":{"a":1,"k":[{"i":{"x":0.833,"y":0.833},"o":{"x":0.167,"y":0.167},"t":14,"s":[336.5,498.5,0],"to":[0,0,0],"ti":[0.409,0,0]},{"i":{"x":0.833,"y":0.833},"o":{"x":0.167,"y":0.167},"t":33.362,"s":[338.917,488.649,0],"to":[-0.487,0,0],"ti":[0.032,0,0]},{"i":{"x":0.833,"y":0.833},"o":{"x":0.167,"y":0.167},"t":56.395,"s":[333.823,461.138,0],"to":[-0.025,0,0],"ti":[0.025,0,0]},{"i":{"x":0.833,"y":0.833},"o":{"x":0.167,"y":0.167},"t":74.042,"s":[338.749,432.802,0],"to":[-0.028,0,0],"ti":[0.028,0,0]},{"i":{"x":0.833,"y":0.833},"o":{"x":0.167,"y":0.167},"t":94.12,"s":[333.666,394.265,0],"to":[-0.032,0,0],"ti":[0.032,0,0]},{"i":{"x":0.833,"y":0.833},"o":{"x":0.167,"y":0.167},"t":116.878,"s":[338.57,341.303,0],"to":[-0.024,0,0],"ti":[1.682,47.964,0]},{"t":134,"s":[333.5,280,0]}],"ix":2},"a":{"a":0,"k":[0,0,0],"ix":1},"s":{"a":1,"k":[{"i":{"x":[0.833,0.833,0.833],"y":[0.833,0.833,0.833]},"o":{"x":[0.167,0.167,0.167],"y":[0.167,0.167,0.167]},"t":13,"s":[0,0,100]},{"i":{"x":[0.833,0.833,0.833],"y":[0.833,0.833,0.833]},"o":{"x":[0.167,0.167,0.167],"y":[0.167,0.167,0.167]},"t":21,"s":[120,120,100]},{"i":{"x":[0.833,0.833,0.833],"y":[0.833,0.833,0.833]},"o":{"x":[0.167,0.167,0.167],"y":[0.167,0.167,0.167]},"t":23,"s":[100,100,100]},{"t":55.4,"s":[100,100,100]}],"ix":6}},"ao":0,"shapes":[{"ty":"gr","it":[{"ind":0,"ty":"sh","ix":1,"ks":{"a":0,"k":{"i":[[-6.438,-5.837],[0,0],[0,0],[0,4.725],[3.85,0],[1.363,-1.6],[2.175,0],[0,-3.85]],"o":[[0,0],[0,0],[6.438,-5.85],[0,-3.85],[-2.175,0],[-1.363,-1.6],[-3.85,0],[0,4.725]],"v":[[-1.812,9.819],[0,11.469],[1.812,9.831],[12.5,-4.594],[5.625,-11.469],[0,-8.856],[-5.625,-11.469],[-12.5,-4.594]],"c":true},"ix":2},"nm":"Path 1","mn":"ADBE Vector Shape - Group","hd":false},{"ty":"st","c":{"a":0,"k":[1,1,1,1],"ix":3},"o":{"a":0,"k":100,"ix":4},"w":{"a":0,"k":1,"ix":5},"lc":1,"lj":1,"ml":4,"bm":0,"nm":"Stroke 1","mn":"ADBE Vector Graphic - Stroke","hd":false},{"ty":"fl","c":{"a":0,"k":[0.780392169952,0,0.333333343267,1],"ix":4},"o":{"a":0,"k":100,"ix":5},"r":1,"bm":0,"nm":"Fill 1","mn":"ADBE Vector Graphic - Fill","hd":false},{"ty":"tr","p":{"a":0,"k":[0,0],"ix":2},"a":{"a":0,"k":[0,0],"ix":1},"s":{"a":0,"k":[100,100],"ix":3},"r":{"a":0,"k":0,"ix":6},"o":{"a":0,"k":100,"ix":7},"sk":{"a":0,"k":0,"ix":4},"sa":{"a":0,"k":0,"ix":5},"nm":"Transform"}],"nm":"Vector","np":3,"cix":2,"bm":0,"ix":1,"mn":"ADBE Vector Group","hd":false}],"ip":13,"op":253,"st":13,"bm":0},{"ddd":0,"ind":7,"ty":4,"nm":"heart slow","sr":0.8,"ks":{"o":{"a":1,"k":[{"i":{"x":[0.833],"y":[0.833]},"o":{"x":[0.167],"y":[0.167]},"t":0,"s":[100]},{"t":117,"s":[0]}],"ix":11},"r":{"a":0,"k":0,"ix":10},"p":{"s":true,"x":{"a":1,"k":[{"i":{"x":[0.975],"y":[1.056]},"o":{"x":[0.167],"y":[0.167]},"t":0,"s":[327.125]},{"i":{"x":[0.979],"y":[0.991]},"o":{"x":[0.021],"y":[0.131]},"t":19.134,"s":[334.5]},{"i":{"x":[0.972],"y":[1.003]},"o":{"x":[0.028],"y":[-0.003]},"t":42,"s":[330.75]},{"i":{"x":[0.976],"y":[0.993]},"o":{"x":[0.024],"y":[0.007]},"t":59,"s":[338.5]},{"i":{"x":[0.657],"y":[1.786]},"o":{"x":[0.033],"y":[0.01]},"t":79.37,"s":[334.5]},{"i":{"x":[0.977],"y":[1.002]},"o":{"x":[0.534],"y":[0.347]},"t":95,"s":[331]},{"i":{"x":[0.971],"y":[0.579]},"o":{"x":[0.029],"y":[0.006]},"t":103.217,"s":[337.5]},{"t":120,"s":[333.5]}],"ix":3},"y":{"a":1,"k":[{"i":{"x":[0.704],"y":[0.704]},"o":{"x":[0.315],"y":[0]},"t":0,"s":[498.594]},{"t":120,"s":[280]}],"ix":4}},"a":{"a":0,"k":[0,0,0],"ix":1},"s":{"a":1,"k":[{"i":{"x":[0.833,0.833,0.833],"y":[0.833,0.833,0.833]},"o":{"x":[0.167,0.167,0.167],"y":[0.167,0.167,0.167]},"t":0,"s":[0,0,100]},{"i":{"x":[0.833,0.833,0.833],"y":[0.833,0.833,0.833]},"o":{"x":[0.167,0.167,0.167],"y":[0.167,0.167,0.167]},"t":8,"s":[120,120,100]},{"i":{"x":[0.833,0.833,0.833],"y":[0.833,0.833,0.833]},"o":{"x":[0.167,0.167,0.167],"y":[0.167,0.167,0.167]},"t":10,"s":[100,100,100]},{"t":42.4,"s":[100,100,100]}],"ix":6}},"ao":0,"shapes":[{"ty":"gr","it":[{"ind":0,"ty":"sh","ix":1,"ks":{"a":0,"k":{"i":[[-6.438,-5.837],[0,0],[0,0],[0,4.725],[3.85,0],[1.363,-1.6],[2.175,0],[0,-3.85]],"o":[[0,0],[0,0],[6.438,-5.85],[0,-3.85],[-2.175,0],[-1.363,-1.6],[-3.85,0],[0,4.725]],"v":[[-1.812,9.819],[0,11.469],[1.812,9.831],[12.5,-4.594],[5.625,-11.469],[0,-8.856],[-5.625,-11.469],[-12.5,-4.594]],"c":true},"ix":2},"nm":"Path 1","mn":"ADBE Vector Shape - Group","hd":false},{"ty":"st","c":{"a":0,"k":[1,1,1,1],"ix":3},"o":{"a":0,"k":100,"ix":4},"w":{"a":0,"k":1,"ix":5},"lc":1,"lj":1,"ml":4,"bm":0,"nm":"Stroke 1","mn":"ADBE Vector Graphic - Stroke","hd":false},{"ty":"fl","c":{"a":0,"k":[0.780392169952,0,0.333333343267,1],"ix":4},"o":{"a":0,"k":100,"ix":5},"r":1,"bm":0,"nm":"Fill 1","mn":"ADBE Vector Graphic - Fill","hd":false},{"ty":"tr","p":{"a":0,"k":[0,0],"ix":2},"a":{"a":0,"k":[0,0],"ix":1},"s":{"a":0,"k":[100,100],"ix":3},"r":{"a":0,"k":0,"ix":6},"o":{"a":0,"k":100,"ix":7},"sk":{"a":0,"k":0,"ix":4},"sa":{"a":0,"k":0,"ix":5},"nm":"Transform"}],"nm":"Vector","np":3,"cix":2,"bm":0,"ix":1,"mn":"ADBE Vector Group","hd":false}],"ip":0,"op":240,"st":0,"bm":0}]}],"layers":[{"ddd":0,"ind":1,"ty":0,"nm":"hearts","refId":"comp_0","sr":1,"ks":{"o":{"a":0,"k":100,"ix":11},"r":{"a":0,"k":0,"ix":10},"p":{"a":0,"k":[-104,98,0],"ix":2},"a":{"a":0,"k":[180,320,0],"ix":1},"s":{"a":0,"k":[100,100,100],"ix":6}},"ao":0,"w":360,"h":640,"ip":0,"op":300,"st":0,"bm":0}],"markers":[]}