{"v":"5.6.5","fr":29.9700012207031,"ip":0,"op":90.0000036657751,"w":100,"h":99,"nm":"Explore 2","ddd":0,"assets":[],"layers":[{"ddd":0,"ind":1,"ty":4,"nm":"Layer 3/Explore Outlines","sr":1,"ks":{"o":{"a":0,"k":100,"ix":11},"r":{"a":0,"k":0,"ix":10},"p":{"a":0,"k":[50,49.5,0],"ix":2},"a":{"a":0,"k":[40,38,0],"ix":1},"s":{"a":0,"k":[100,100,100],"ix":6}},"ao":0,"shapes":[{"ty":"gr","it":[{"ind":0,"ty":"sh","ix":1,"ks":{"a":0,"k":{"i":[[5.8,-5.8],[8.2,0],[5.8,5.7],[-11.9,11.9],[-8.2,0],[-5.8,-5.7],[0,-8.2]],"o":[[-5.8,5.8],[-8.2,0],[-11.9,-11.9],[5.8,-5.8],[8.2,0],[5.8,5.8],[0,8.2]],"v":[[23.401,21.55],[1.801,30.45],[-19.799,21.55],[-19.799,-21.65],[1.801,-30.55],[23.401,-21.65],[32.299,-0.05]],"c":true},"ix":2},"nm":"Path 1","mn":"ADBE Vector Shape - Group","hd":false},{"ind":1,"ty":"sh","ix":2,"ks":{"a":0,"k":{"i":[[7.101,7.1],[9.999,0],[7,-7.1],[-14.6,-14.7],[-10,0],[-7,7.101],[0,10]],"o":[[-7.099,-7.1],[-10,0],[-14.6,14.6],[7.1,7.101],[9.999,0],[7.101,-7.1],[0,-10]],"v":[[28.299,-26.55],[1.801,-37.55],[-24.699,-26.55],[-24.699,26.55],[1.801,37.55],[28.299,26.55],[39.299,0.05]],"c":true},"ix":2},"nm":"Path 2","mn":"ADBE Vector Shape - Group","hd":false},{"ty":"mm","mm":1,"nm":"Merge Paths 1","mn":"ADBE Vector Filter - Merge","hd":false},{"ty":"fl","c":{"a":0,"k":[0.2901960784313726,0.5647058823529412,0.8862745098039215,1],"ix":4},"o":{"a":0,"k":100,"ix":5},"r":1,"bm":0,"nm":"Fill 1","mn":"ADBE Vector Graphic - Fill","hd":false},{"ty":"tr","p":{"a":0,"k":[39.549,37.8],"ix":2},"a":{"a":0,"k":[0,0],"ix":1},"s":{"a":0,"k":[100,100],"ix":3},"r":{"a":0,"k":0,"ix":6},"o":{"a":0,"k":100,"ix":7},"sk":{"a":0,"k":0,"ix":4},"sa":{"a":0,"k":0,"ix":5},"nm":"Transform"}],"nm":"Group 1","np":4,"cix":2,"bm":0,"ix":1,"mn":"ADBE Vector Group","hd":false}],"ip":0,"op":90.0000036657751,"st":0,"bm":0},{"ddd":0,"ind":2,"ty":4,"nm":"Layer 2/Explore Outlines","sr":1,"ks":{"o":{"a":0,"k":100,"ix":11},"r":{"a":1,"k":[{"i":{"x":[0.833],"y":[0.833]},"o":{"x":[0.167],"y":[0.167]},"t":10,"s":[0]},{"i":{"x":[0.833],"y":[0.833]},"o":{"x":[0.167],"y":[0.167]},"t":40,"s":[-131.274]},{"t":70.0000028511585,"s":[0]}],"ix":10},"p":{"a":0,"k":[50,49.5,0],"ix":2},"a":{"a":0,"k":[19.5,19.5,0],"ix":1},"s":{"a":0,"k":[100,100,100],"ix":6}},"ao":0,"shapes":[{"ty":"gr","it":[{"ind":0,"ty":"sh","ix":1,"ks":{"a":0,"k":{"i":[[1.101,-0.4],[0,0],[0,0],[-0.9,0.8],[0,0]],"o":[[0,0],[0,0],[0.4,-1.1],[0,0],[-0.599,1]],"v":[[0.2,4.4],[-7.2,7.1],[-4.5,-0.3],[-2.5,-3.1],[2.9,2.3]],"c":true},"ix":2},"nm":"Path 1","mn":"ADBE Vector Shape - Group","hd":false},{"ind":1,"ty":"sh","ix":2,"ks":{"a":0,"k":{"i":[[1.4,-3.8],[0,0],[0,0],[-1.4,3.8],[0,0],[0,0]],"o":[[0,0],[0,0],[3.8,-1.4],[0,0],[0,0],[-3.8,1.4]],"v":[[-10.9,-2.7],[-19,19],[2.7,10.9],[10.9,2.7],[19,-19],[-2.7,-10.9]],"c":true},"ix":2},"nm":"Path 2","mn":"ADBE Vector Shape - Group","hd":false},{"ty":"mm","mm":1,"nm":"Merge Paths 1","mn":"ADBE Vector Filter - Merge","hd":false},{"ty":"fl","c":{"a":0,"k":[0.3137254901960784,0.8901960784313725,0.7607843137254902,1],"ix":4},"o":{"a":0,"k":100,"ix":5},"r":1,"bm":0,"nm":"Fill 1","mn":"ADBE Vector Graphic - Fill","hd":false},{"ty":"tr","p":{"a":0,"k":[19.25,19.25],"ix":2},"a":{"a":0,"k":[0,0],"ix":1},"s":{"a":0,"k":[100,100],"ix":3},"r":{"a":0,"k":0,"ix":6},"o":{"a":0,"k":100,"ix":7},"sk":{"a":0,"k":0,"ix":4},"sa":{"a":0,"k":0,"ix":5},"nm":"Transform"}],"nm":"Group 1","np":4,"cix":2,"bm":0,"ix":1,"mn":"ADBE Vector Group","hd":false}],"ip":0,"op":90.0000036657751,"st":0,"bm":0}],"markers":[]}